shipment_id,shipment_date,shipment_month,shipment_quarter,shipment_week,day_of_week,season,financial_year,origin_city,destination_city,origin_state,destination_state,origin_zone,destination_zone,lane_id,distance_km,carrier_id,carrier_type,carrier_experience_years,carrier_historical_damage_rate,carrier_on_time_performance_pct,transport_mode,handling_touchpoints,cross_dock_count,warehouse_stops,loading_unloading_count,handling_duration_hours,product_category,fragility_class,weight_kg,declared_value_rs,density_kg_per_m3,volume_m3,package_count,shipment_priority,packaging_type,palletized,packaging_quality_score,packaging_age_days,temperature_avg_c,temperature_max_c,rainfall_mm,humidity_pct,extreme_weather_flag,road_condition_score,vehicle_type,vehicle_age_years,vehicle_capacity_kg,vehicle_utilization_pct,overloading_flag,driver_experience_years,loading_quality_score,dispatch_delay_hours,delivery_delay_hours,temperature_control_required,temperature_excursion_flag,insurance_flag,warehouse_handling_score,route_complexity_score,traffic_congestion_score,security_incident_flag,delivery_attempts,customer_handling_risk_score,historical_lane_claim_rate,damage_claim_raised,claim_amount_rs,damage_severity_score,damage_type,claim_processing_days
SHP0000001,2023-01-01,1,1,52,Sunday,Winter,FY2022-23,Kochi,Jaipur,Kerala,Rajasthan,South,North,Kochi-Jaipur,497,CAR004,Regional 3PL,7,0.1182901076889063,0.8138356255672704,Road,2,0,1,4,7.0,Textiles,1,176.4,31912.0,146.9,1.201,5,Standard,Foam protected,1,3.0,8,14.3,20.3,3.5,30.7,0,2.7,Medium Truck,4.4,9000,1.0373210294796997,1,7.0,,6.1,5.6,0,0,0,7.1,1.8,2.7,0,2,5.5,0.083,0,,,,
SHP0000002,2023-01-01,1,1,52,Sunday,Winter,FY2022-23,Hyderabad,Indore,Telangana,Madhya Pradesh,South,Central,Hyderabad-Indore,346,CAR005,Express Courier,12,0.047049580738731285,1.0,Road,2,0,1,4,7.8,Appliances,3,98.7,147418.0,103.8,0.951,2,Standard,Mixed packaging,1,3.0,14,16.3,22.700000000000003,1.3,47.0,0,2.6,Light Commercial Vehicle,3.6,3000,0.9967899383411597,0,6.0,4.0,0.1,2.2,0,0,0,9.8,3.9,6.1,0,1,3.8,0.079,0,,,,
SHP0000003,2023-01-01,1,1,52,Sunday,Winter,FY2022-23,Chennai,Kochi,Tamil Nadu,Kerala,South,South,Chennai-Kochi,360,CAR005,Express Courier,8,0.026431507737288334,1.0,Road,2,0,1,4,5.8,Pharmaceuticals,3,82.3,354687.0,94.0,0.876,2,Urgent,Bubble wrap,1,4.0,37,27.5,33.4,4.8,41.4,0,4.6,Light Commercial Vehicle,0.4,3000,0.6875714523837716,0,4.0,4.7,2.6,1.7,1,1,1,5.7,4.0,4.9,0,1,3.5,0.071,0,,,,
SHP0000004,2023-01-01,1,1,52,Sunday,Winter,FY2022-23,Lucknow,Kochi,Uttar Pradesh,Kerala,North,South,Lucknow-Kochi,1434,CAR010,National Fleet,8,0.04255454318074407,0.9598208934284157,Road,8,3,3,16,16.0,Glass products,5,185.6,101323.0,238.0,0.78,3,Standard,Foam protected,1,5.0,1,18.7,22.4,10.4,90.0,0,3.0,Medium Truck,5.1,9000,1.25,1,6.0,3.6,3.8,3.2,0,0,0,6.7,6.4,1.6,0,2,6.3,0.111,0,,,,
SHP0000005,2023-01-01,1,1,52,Sunday,Winter,FY2022-23,Jaipur,Delhi NCR,Rajasthan,Delhi,North,North,Jaipur-Delhi NCR,2472,CAR009,Regional 3PL,3,0.14705482603747452,0.7394911001807435,Multimodal,8,3,3,16,28.3,Furniture,3,547.1,140728.0,95.8,5.711,37,Standard,Metal frame,1,4.0,9,16.6,19.6,0.3,58.2,0,4.4,Light Commercial Vehicle,6.9,3000,0.9410595147520738,0,6.0,3.6,1.0,9.9,0,0,0,7.4,6.7,1.0,0,2,4.8,0.098,1,17859.0,3.0,Crushing,29.0
SHP0000006,2023-01-01,1,1,52,Sunday,Winter,FY2022-23,Chennai,Mumbai,Tamil Nadu,Maharashtra,South,West,Chennai-Mumbai,1539,CAR001,National Fleet,14,0.044041558360452926,0.9183864759703634,Road,6,2,2,12,16.0,FMCG,2,477.9,43371.0,349.7,1.367,19,Urgent,Mixed packaging,0,4.0,5,12.2,15.299999999999999,5.4,44.5,0,3.9,Light Commercial Vehicle,2.2,3000,0.7442513993995197,0,6.0,3.7,1.6,11.2,0,0,0,5.5,4.5,5.8,0,1,9.2,0.084,0,,,,
SHP0000007,2023-01-01,1,1,52,Sunday,Winter,FY2022-23,Pune,Coimbatore,Maharashtra,Tamil Nadu,West,South,Pune-Coimbatore,336,CAR010,National Fleet,7,0.030229774640280295,0.977605990210582,Road,2,0,1,4,5.9,Pharmaceuticals,3,39.4,302098.0,97.6,0.404,1,High,Foam protected,0,4.0,29,,21.0,0.1,61.4,0,3.0,Heavy Truck,4.1,16000,0.9398062713124313,0,11.0,3.9,1.4,1.3,1,0,1,8.8,3.0,6.0,0,1,3.3,0.08,0,,,,
SHP0000008,2023-01-01,1,1,52,Sunday,Winter,FY2022-23,Coimbatore,Delhi NCR,Tamil Nadu,Delhi,South,North,Coimbatore-Delhi NCR,804,CAR005,Express Courier,12,0.04383638705509792,0.9741603176797726,Road,4,1,1,8,13.4,Pharmaceuticals,3,32.6,135880.0,84.0,0.388,2,Standard,Plastic crate,0,3.0,1,22.5,29.3,0.6,53.1,0,3.7,Light Commercial Vehicle,14.3,3000,0.7006790185656164,0,8.0,3.1,0.5,3.1,1,0,1,5.7,5.1,3.8,0,1,6.3,0.085,0,,,,
SHP0000009,2023-01-01,1,1,52,Sunday,Winter,FY2022-23,Lucknow,Bengaluru,Uttar Pradesh,Karnataka,North,South,Lucknow-Bengaluru,503,CAR006,Express Courier,7,0.027983531529400005,0.9316933868389183,Road,7,2,3,14,14.7,Automotive parts,2,381.6,69945.0,451.0,0.846,9,Standard,Foam protected,1,5.0,31,17.3,23.3,0.0,73.6,0,3.6,Heavy Truck,7.9,16000,0.7298876625694206,0,16.0,5.0,1.9,9.1,0,0,1,8.0,5.1,3.9,0,1,4.7,0.073,0,,,,
SHP0000010,2023-01-01,1,1,52,Sunday,Winter,FY2022-23,Mumbai,Nagpur,Maharashtra,Maharashtra,West,West,Mumbai-Nagpur,2005,CAR002,National Fleet,10,0.05776289700946801,0.9795603945873526,Road,7,2,3,14,21.3,Consumer electronics,4,63.9,141918.0,140.8,0.454,1,High,Bubble wrap,1,3.0,58,17.5,23.2,4.7,43.3,0,2.4,Light Commercial Vehicle,2.4,3000,0.8026117269902464,0,10.0,4.4,1.7,8.4,0,0,0,8.0,4.1,3.9,0,1,5.7,0.076,0,,,,
SHP0000011,2023-01-01,1,1,52,Sunday,Winter,FY2022-23,Kochi,Hyderabad,Kerala,Telangana,South,South,Kochi-Hyderabad,2302,CAR003,Regional 3PL,7,0.09801924735556655,0.8915832553340715,Road,6,2,2,12,16.7,Appliances,3,96.2,43563.0,124.1,0.775,6,Standard,Corrugated box,1,4.0,9,3.1,6.300000000000001,2.8,63.1,0,2.6,Multi-Axle Trailer,7.8,25000,1.174845800268528,1,3.0,4.6,1.9,10.4,0,0,0,7.7,5.5,5.6,0,1,1.4,0.104,0,,,,
SHP0000012,2023-01-01,1,1,52,Sunday,Winter,FY2022-23,Surat,Coimbatore,Gujarat,Tamil Nadu,West,South,Surat-Coimbatore,2252,CAR001,National Fleet,13,0.04895682324146006,0.9345357434220498,Road,11,4,5,22,40.6,Industrial equipment,2,870.9,448053.0,691.9,1.259,30,Standard,Wooden crate,1,3.0,12,10.0,17.8,5.3,50.7,0,3.8,Heavy Truck,6.3,16000,0.9932474316184942,0,7.0,4.1,10.7,8.2,0,0,1,5.7,6.3,5.1,0,1,7.1,0.05,0,,,,
SHP0000013,2023-01-01,1,1,52,Sunday,Winter,FY2022-23,Delhi NCR,Pune,Delhi,Maharashtra,North,West,Delhi NCR-Pune,1815,CAR008,National Fleet,18,0.07179715708694058,0.9093472346623891,Road,8,3,3,16,21.1,FMCG,2,146.1,11438.0,250.1,0.584,5,Standard,Foam protected,0,5.0,1,19.0,24.0,1.0,51.7,0,3.7,Medium Truck,9.4,9000,0.992781017325627,0,7.0,5.0,2.9,11.3,0,0,0,8.3,4.2,2.7,0,2,6.1,0.069,0,,,,
SHP0000014,2023-01-01,1,1,52,Sunday,Winter,FY2022-23,Kochi,Hyderabad,Kerala,Telangana,South,South,Kochi-Hyderabad,2319,CAR004,Regional 3PL,5,0.1156852222638438,0.8007996664371323,Road,7,2,3,14,16.8,Machinery components,1,447.1,81618.0,707.2,0.632,9,Standard,Mixed packaging,0,3.0,30,14.6,18.7,1.3,24.7,0,2.1,Medium Truck,5.2,9000,1.078306281098389,1,10.0,3.8,1.9,10.6,0,0,0,6.8,4.0,7.0,0,1,8.7,0.098,1,7625.0,1.0,Scratching,22.0
SHP0000015,2023-01-01,1,1,52,Sunday,Winter,FY2022-23,Chennai,Mumbai,Tamil Nadu,Maharashtra,South,West,Chennai-Mumbai,1578,CAR001,National Fleet,17,0.061649201024368175,0.9221497707399852,Road,6,2,2,12,11.7,Machinery components,1,425.0,197752.0,677.6,0.627,12,High,Foam protected,1,5.0,28,22.9,27.599999999999998,3.7,39.6,0,5.0,Heavy Truck,3.7,16000,0.9988120673562039,0,9.0,4.2,2.4,3.9,0,0,0,6.3,2.6,6.8,0,1,6.5,0.06,0,,,,
SHP0000016,2023-01-01,1,1,52,Sunday,Winter,FY2022-23,Jaipur,Chennai,Rajasthan,Tamil Nadu,North,South,Jaipur-Chennai,2094,CAR004,Regional 3PL,7,0.12512221263747633,0.7756283801085366,Road,6,2,2,12,24.0,Machinery components,1,1191.2,349955.0,766.2,1.555,86,Urgent,Metal frame,1,3.0,2,23.3,30.5,2.6,33.1,0,4.0,Heavy Truck,16.1,16000,0.9346180499749336,0,8.0,4.8,4.6,5.9,0,0,1,9.1,3.3,2.0,0,1,7.3,0.088,0,,,,
SHP0000017,2023-01-01,1,1,52,Sunday,Winter,FY2022-23,Pune,Mumbai,Maharashtra,Maharashtra,West,West,Pune-Mumbai,1779,CAR003,Regional 3PL,9,0.07430281896036028,0.7687278689288959,Road,8,3,3,16,13.7,Machinery components,1,1265.4,274461.0,735.5,1.72,38,High,Wooden crate,0,3.0,2,16.8,23.4,0.7,39.7,0,,Light Commercial Vehicle,5.2,3000,0.7339793691955975,0,11.0,3.9,4.5,4.3,0,0,1,6.8,3.0,1.6,0,1,8.7,0.105,1,3852.0,2.0,Breakage,65.0
SHP0000018,2023-01-01,1,1,52,Sunday,Winter,FY2022-23,Pune,Chennai,Maharashtra,Tamil Nadu,West,South,Pune-Chennai,887,CAR006,Express Courier,8,0.055738202065310535,0.9986596513291449,Road,5,2,1,10,8.2,Machinery components,1,748.0,154554.0,820.5,0.912,28,Urgent,Mixed packaging,1,4.0,21,11.8,14.4,1.1,29.1,0,3.1,Multi-Axle Trailer,10.4,25000,0.8674990321123938,0,7.0,3.1,0.2,3.5,0,0,1,5.9,2.4,3.6,0,1,4.4,0.08,0,,,,
SHP0000019,2023-01-01,1,1,52,Sunday,Winter,FY2022-23,Indore,Chennai,Madhya Pradesh,Tamil Nadu,Central,South,Indore-Chennai,1000,CAR002,National Fleet,14,0.0542766872940424,0.8863740819755055,Road,7,2,3,14,17.6,Machinery components,1,667.8,141745.0,763.4,0.875,17,Standard,Wooden crate,0,4.0,31,16.5,20.8,0.5,46.8,0,2.7,Heavy Truck,4.0,16000,0.6466209965292258,0,3.0,3.9,1.4,2.0,0,0,0,9.2,3.7,2.8,0,1,6.0,0.084,0,,,,
SHP0000020,2023-01-01,1,1,52,Sunday,Winter,FY2022-23,Jaipur,Hyderabad,Rajasthan,Telangana,North,South,Jaipur-Hyderabad,218,CAR010,National Fleet,11,0.061868559013905186,0.8944221700128148,Road,3,1,1,6,6.1,Machinery components,1,897.1,428152.0,774.7,1.158,50,Urgent,Metal frame,1,3.0,34,15.8,20.0,2.6,36.8,0,1.9,Medium Truck,4.4,9000,0.8535761665260588,0,9.0,2.9,0.9,2.9,0,0,1,6.8,3.5,4.6,0,1,8.1,0.062,0,,,,
SHP0000021,2023-01-01,1,1,52,Sunday,Winter,FY2022-23,Nagpur,Kolkata,Maharashtra,West Bengal,West,East,Nagpur-Kolkata,1843,CAR008,National Fleet,18,0.07272480047886615,0.8822214036655893,Multimodal,9,3,4,18,31.9,Textiles,1,124.9,37810.0,143.4,0.871,3,Standard,Foam protected,0,4.0,18,24.1,29.400000000000002,0.7,31.0,0,3.2,Light Commercial Vehicle,8.8,3000,0.7308441954037759,0,6.0,4.1,0.2,7.9,0,0,0,6.6,4.2,5.7,0,1,4.8,0.099,0,,,,
SHP0000022,2023-01-01,1,1,52,Sunday,Winter,FY2022-23,Chennai,Hyderabad,Tamil Nadu,Telangana,South,South,Chennai-Hyderabad,1196,CAR003,Regional 3PL,9,0.07360844864671276,0.8023875419638513,Road,5,2,1,10,8.7,Automotive parts,2,873.1,113911.0,415.5,2.101,20,High,Wooden crate,1,3.0,9,19.0,25.9,2.2,60.8,0,2.5,Light Commercial Vehicle,5.3,3000,1.0288103107466195,1,11.0,4.6,5.5,7.2,0,0,0,7.6,3.0,2.9,0,1,2.6,0.086,0,,,,
SHP0000023,2023-01-01,1,1,52,Sunday,Winter,FY2022-23,Bengaluru,Ahmedabad,Karnataka,Gujarat,South,West,Bengaluru-Ahmedabad,1728,CAR002,National Fleet,13,0.06072463228955678,0.9005383257184014,Road,7,2,3,14,21.5,Industrial equipment,2,639.3,345627.0,585.1,1.093,47,Standard,Wooden crate,1,2.0,2,19.9,24.799999999999997,,55.7,0,5.0,Medium Truck,2.5,9000,0.43739491543264863,0,7.0,5.0,2.5,6.7,0,0,1,5.4,4.1,4.0,0,1,7.1,0.033,0,,,,
SHP0000024,2023-01-01,1,1,52,Sunday,Winter,FY2022-23,Ahmedabad,Kolkata,Gujarat,West Bengal,West,East,Ahmedabad-Kolkata,1010,CAR008,National Fleet,20,0.07654889098400677,0.9613519968986318,Road,6,2,2,12,19.7,Industrial equipment,2,1355.6,1289268.0,580.2,2.336,67,Standard,Mixed packaging,1,5.0,87,18.5,20.5,0.4,38.6,0,4.3,Medium Truck,8.3,9000,0.7255348494209974,0,9.0,5.0,9.4,5.6,0,0,1,6.7,2.7,3.4,0,1,3.5,0.049,0,,,,
SHP0000025,2023-01-01,1,1,52,Sunday,Winter,FY2022-23,Nagpur,Pune,Maharashtra,Maharashtra,West,West,Nagpur-Pune,1608,CAR001,National Fleet,16,0.05426827403210934,0.9730311166635297,Road,7,2,3,14,23.5,FMCG,2,232.5,19040.0,246.2,0.944,4,High,Mixed packaging,0,2.0,0,17.4,22.9,0.4,34.0,0,2.1,Medium Truck,4.4,9000,0.9060448527932683,0,6.0,3.1,2.5,6.4,0,0,0,8.1,5.3,5.9,0,1,2.5,0.083,1,193.0,1.0,Scratching,74.0
SHP0000026,2023-01-01,1,1,52,Sunday,Winter,FY2022-23,Kochi,Pune,Kerala,Maharashtra,South,West,Kochi-Pune,1392,CAR001,National Fleet,17,0.05709969179439668,0.9470734659523822,Road,9,3,4,18,29.8,FMCG,2,543.1,29049.0,254.3,2.136,39,Standard,Mixed packaging,0,4.0,11,11.0,16.4,0.3,29.6,0,2.9,Light Commercial Vehicle,10.1,3000,0.9432182417760304,0,4.0,3.7,0.4,8.0,0,0,1,6.5,5.0,7.0,0,1,5.6,0.086,0,,,,
SHP0000027,2023-01-01,1,1,52,Sunday,Winter,FY2022-23,Ahmedabad,Kochi,Gujarat,Kerala,West,South,Ahmedabad-Kochi,2024,CAR006,Express Courier,5,0.03754425066049124,0.9577148090934073,Road,8,3,3,16,22.9,Glass products,5,83.8,59038.0,268.6,0.312,2,Standard,Foam protected,1,4.0,9,14.5,16.5,0.6,60.9,0,3.5,Heavy Truck,5.1,16000,0.9568134486257494,0,10.0,5.0,5.9,5.7,0,0,0,9.0,4.9,10.0,0,1,3.6,0.097,1,659.0,1.0,Scratching,25.0
SHP0000028,2023-01-01,1,1,52,Sunday,Winter,FY2022-23,Jaipur,Kochi,Rajasthan,Kerala,North,South,Jaipur-Kochi,1194,CAR002,National Fleet,13,0.03786954488602566,0.9442999955487618,Road,4,1,1,8,10.5,Pharmaceuticals,3,45.0,248911.0,98.5,0.457,2,High,Mixed packaging,1,3.0,1,21.5,25.9,0.6,48.5,0,3.7,Light Commercial Vehicle,13.9,3000,0.6417390058468666,0,10.0,5.0,5.0,12.1,1,0,1,7.1,2.6,3.8,0,2,7.0,0.082,0,,,,
SHP0000029,2023-01-01,1,1,52,Sunday,Winter,FY2022-23,Kochi,Coimbatore,Kerala,Tamil Nadu,South,South,Kochi-Coimbatore,1566,CAR006,Express Courier,7,0.0299015467604817,0.9421338634949377,Road,8,3,3,16,15.6,Glass products,5,161.1,105368.0,256.2,0.629,15,Standard,Corrugated box,1,3.0,7,20.4,24.2,0.5,59.1,0,4.0,Medium Truck,2.4,9000,0.8245471706041384,0,6.0,4.6,2.5,15.6,0,0,1,5.2,4.9,6.2,0,2,9.5,0.102,0,,,,
SHP0000030,2023-01-02,1,1,1,Monday,Winter,FY2022-23,Pune,Delhi NCR,Maharashtra,Delhi,West,North,Pune-Delhi NCR,2270,CAR003,Regional 3PL,8,0.1005661376289468,0.8360830886933291,Road,9,3,4,18,16.6,Industrial equipment,2,229.0,141669.0,492.8,0.465,5,Standard,Mixed packaging,1,3.0,0,,26.9,4.2,42.7,0,2.6,Light Commercial Vehicle,5.0,3000,0.7342245183415261,0,9.0,5.0,1.0,22.1,0,0,1,8.0,7.1,6.6,0,1,4.6,0.066,0,,,,
SHP0000031,2023-01-02,1,1,1,Monday,Winter,FY2022-23,Delhi NCR,Surat,Delhi,Gujarat,North,West,Delhi NCR-Surat,1751,CAR001,National Fleet,15,0.049613244165580384,0.9480471681822793,Multimodal,8,3,3,16,19.1,Consumer electronics,4,46.8,121712.0,133.4,0.351,1,Urgent,Foam protected,0,4.0,6,18.1,24.8,0.9,56.1,0,3.5,Medium Truck,5.0,9000,0.954292014591392,0,10.0,4.7,3.9,5.1,0,0,1,7.0,3.9,4.3,0,1,4.1,0.071,0,,,,
SHP0000032,2023-01-02,1,1,1,Monday,Winter,FY2022-23,Pune,Surat,Maharashtra,Gujarat,West,West,Pune-Surat,1560,CAR006,Express Courier,6,0.05171419090636327,0.9888224408104307,Road,7,2,3,14,13.7,Pharmaceuticals,3,77.7,480003.0,101.0,0.769,6,Standard,Mixed packaging,0,3.0,12,18.9,22.099999999999998,0.7,57.3,0,5.0,Light Commercial Vehicle,15.6,3000,0.9068909957777769,0,9.0,3.9,0.3,3.4,1,0,1,8.8,6.4,7.0,0,1,1.3,0.066,0,,,,
SHP0000033,2023-01-02,1,1,1,Monday,Winter,FY2022-23,Kochi,Lucknow,Kerala,Uttar Pradesh,South,North,Kochi-Lucknow,1229,CAR006,Express Courier,5,0.03953927769239749,0.9745237793789713,Road,6,2,2,12,16.2,Consumer electronics,4,40.6,109699.0,124.8,0.325,1,Standard,Corrugated box,0,4.0,37,19.3,23.0,1.3,59.0,0,2.7,Medium Truck,9.1,9000,0.6540793213540363,0,4.0,2.4,1.2,8.8,0,0,0,7.0,4.0,6.6,0,1,8.4,0.078,0,,,,
SHP0000034,2023-01-02,1,1,1,Monday,Winter,FY2022-23,Kolkata,Hyderabad,West Bengal,Telangana,East,South,Kolkata-Hyderabad,2416,CAR005,Express Courier,10,0.050284624797111946,1.0,Road,7,2,3,14,15.2,Textiles,1,118.1,49357.0,167.6,0.705,8,Standard,Metal frame,0,5.0,23,21.1,25.200000000000003,2.5,29.9,0,3.9,Multi-Axle Trailer,1.4,25000,0.9481073251229373,0,5.0,3.2,0.5,8.4,0,0,0,6.6,6.1,8.8,0,1,3.4,0.062,0,,,,
SHP0000035,2023-01-02,1,1,1,Monday,Winter,FY2022-23,Pune,Mumbai,Maharashtra,Maharashtra,West,West,Pune-Mumbai,1752,CAR003,Regional 3PL,10,0.08933979234694202,0.8285136751889144,Road,7,2,3,14,25.8,Furniture,3,100.3,14505.0,76.1,1.318,2,Standard,Mixed packaging,0,4.0,19,18.5,22.6,3.0,72.6,0,2.4,Heavy Truck,11.0,16000,0.9761722568761297,0,6.0,3.8,5.7,8.1,0,0,0,7.6,3.8,6.0,0,1,9.4,0.086,0,,,,
SHP0000036,2023-01-02,1,1,1,Monday,Winter,FY2022-23,Jaipur,Nagpur,Rajasthan,Maharashtra,North,West,Jaipur-Nagpur,868,CAR010,National Fleet,11,0.05494854040578832,0.902520960587311,Road,4,1,1,8,15.6,Machinery components,1,1572.8,280692.0,831.6,1.891,41,Standard,Metal frame,1,5.0,1,19.0,22.1,0.8,28.6,0,4.0,Light Commercial Vehicle,5.4,3000,1.1719673329264308,1,9.0,2.5,2.7,35.3,0,0,1,5.5,4.7,6.1,0,1,8.5,0.088,0,,,,
SHP0000037,2023-01-02,1,1,1,Monday,Winter,FY2022-23,Kochi,Ahmedabad,Kerala,Gujarat,South,West,Kochi-Ahmedabad,1723,CAR006,Express Courier,9,0.05868040030610369,0.9569012886678666,Multimodal,8,3,3,16,24.4,FMCG,2,370.9,42053.0,280.2,1.324,25,Urgent,Shrink wrap,1,4.0,14,28.4,36.0,1.2,80.0,0,3.6,Multi-Axle Trailer,5.2,25000,0.7930917265304225,0,11.0,4.7,0.5,4.2,0,0,1,9.1,5.8,3.9,0,1,7.2,0.105,0,,,,
SHP0000038,2023-01-02,1,1,1,Monday,Winter,FY2022-23,Chennai,Delhi NCR,Tamil Nadu,Delhi,South,North,Chennai-Delhi NCR,1179,CAR005,Express Courier,11,0.01892131383043265,1.0,Air,5,2,1,10,19.4,Pharmaceuticals,3,27.5,239730.0,95.1,0.289,1,High,Corrugated box,1,5.0,24,12.9,15.5,1.2,69.0,0,4.3,Light Commercial Vehicle,6.2,3000,0.734936019765999,0,6.0,4.9,4.9,3.9,1,1,1,7.5,4.8,6.7,0,1,9.5,0.122,0,,,,
SHP0000039,2023-01-02,1,1,1,Monday,Winter,FY2022-23,Bengaluru,Pune,Karnataka,Maharashtra,South,West,Bengaluru-Pune,2287,CAR004,Regional 3PL,7,0.12360341903896443,0.7444286237818134,Road,7,2,3,14,23.0,Industrial equipment,2,1584.3,1079278.0,716.6,2.211,62,Standard,Metal frame,1,4.0,8,15.8,18.2,0.1,38.0,0,3.6,Medium Truck,14.1,9000,0.9875098495169693,0,8.0,3.8,4.7,8.8,0,0,1,7.1,7.0,5.2,0,2,3.9,0.076,0,,,,
SHP0000040,2023-01-02,1,1,1,Monday,Winter,FY2022-23,Indore,Lucknow,Madhya Pradesh,Uttar Pradesh,Central,North,Indore-Lucknow,1206,CAR008,National Fleet,18,0.0635403171738156,0.9121027114447489,Road,7,2,3,14,13.2,Furniture,3,156.8,18445.0,92.4,1.697,4,Standard,Shrink wrap,1,4.0,42,18.5,23.7,2.9,27.6,0,1.4,Medium Truck,14.6,9000,0.6522836024137275,0,4.0,4.1,1.0,8.3,0,0,0,6.9,5.3,7.9,0,1,7.3,0.087,0,,,,
SHP0000041,2023-01-02,1,1,1,Monday,Winter,FY2022-23,Hyderabad,Jaipur,Telangana,Rajasthan,South,North,Hyderabad-Jaipur,787,CAR010,National Fleet,11,0.031598918160338926,0.9710638396134286,Road,6,2,2,12,22.0,Glass products,5,129.2,78749.0,248.6,0.52,3,Standard,Foam protected,1,3.0,11,16.5,22.7,5.8,46.0,0,4.6,Heavy Truck,6.2,16000,0.5974834627508503,0,9.0,4.8,4.2,7.1,0,0,0,6.4,1.9,6.5,0,2,5.7,0.045,0,,,,
SHP0000042,2023-01-02,1,1,1,Monday,Winter,FY2022-23,Bengaluru,Nagpur,Karnataka,Maharashtra,South,West,Bengaluru-Nagpur,2305,CAR005,Express Courier,11,0.0330212861267045,0.9765092362149783,Air,9,3,4,18,15.6,Machinery components,1,978.6,194039.0,765.9,1.278,47,Urgent,Wooden crate,0,3.0,9,14.1,17.0,1.8,79.6,0,1.5,Heavy Truck,3.8,16000,0.8147887985188854,0,6.0,2.9,2.6,8.7,0,0,1,8.3,5.3,4.5,0,1,8.8,0.071,0,,,,
SHP0000043,2023-01-02,1,1,1,Monday,Winter,FY2022-23,Indore,Hyderabad,Madhya Pradesh,Telangana,Central,South,Indore-Hyderabad,2070,CAR001,National Fleet,17,0.058767200885985305,0.960727181154563,Road,6,2,2,12,23.5,Textiles,1,61.1,34886.0,145.0,0.421,1,Standard,Metal frame,1,3.0,17,25.2,31.9,0.3,51.3,0,5.0,Heavy Truck,3.2,16000,0.8990750413273175,0,10.0,4.2,3.9,10.8,0,0,1,9.4,3.9,5.5,0,1,3.8,0.066,0,,,,
SHP0000044,2023-01-02,1,1,1,Monday,Winter,FY2022-23,Nagpur,Bengaluru,Maharashtra,Karnataka,West,South,Nagpur-Bengaluru,1473,CAR004,Regional 3PL,4,0.11082908093425096,0.8351683136966219,Road,6,2,2,12,19.5,Industrial equipment,2,118.5,25499.0,574.7,0.206,6,Standard,Plastic crate,0,4.0,21,23.5,31.2,4.9,80.1,0,2.9,Medium Truck,11.4,9000,0.756666145056779,0,6.0,4.9,1.7,3.6,0,0,1,7.2,3.1,7.2,0,1,5.5,0.064,0,,,,
SHP0000045,2023-01-03,1,1,1,Tuesday,Winter,FY2022-23,Delhi NCR,Indore,Delhi,Madhya Pradesh,North,Central,Delhi NCR-Indore,2347,CAR006,Express Courier,5,0.06000870264281101,0.9516315379627293,Road,6,2,2,12,20.2,Appliances,3,78.7,78619.0,94.5,0.833,2,Standard,Wooden crate,0,4.0,15,15.5,22.5,0.9,61.3,0,3.5,Light Commercial Vehicle,5.3,3000,0.812199208851906,0,8.0,4.5,0.6,6.7,0,0,1,6.4,6.3,5.5,0,1,1.1,0.078,1,8530.0,3.0,Scratching,35.0
SHP0000046,2023-01-03,1,1,1,Tuesday,Winter,FY2022-23,Delhi NCR,Lucknow,Delhi,Uttar Pradesh,North,North,Delhi NCR-Lucknow,1045,CAR008,National Fleet,20,0.07068454855285887,0.8977304622350976,Road,6,2,2,12,17.0,Textiles,1,80.1,32650.0,163.6,0.49,4,Standard,Shrink wrap,0,4.0,18,20.7,24.3,1.4,22.2,0,5.0,Medium Truck,4.6,9000,0.8821019879401455,0,12.0,3.2,8.1,2.9,0,0,0,8.2,4.1,2.8,0,1,2.9,0.094,0,,,,
SHP0000047,2023-01-03,1,1,1,Tuesday,Winter,FY2022-23,Chennai,Indore,Tamil Nadu,Madhya Pradesh,South,Central,Chennai-Indore,1670,CAR003,Regional 3PL,10,0.08907472528629146,0.8320854342575157,Road,6,2,2,12,9.0,Consumer electronics,4,59.6,303982.0,144.1,0.414,1,Standard,Bubble wrap,1,4.0,47,22.8,26.1,1.8,60.8,0,3.2,Light Commercial Vehicle,20.0,3000,1.1357699936821977,1,12.0,3.3,7.2,3.6,0,0,1,6.1,5.4,4.8,0,1,9.7,0.099,0,,,,
SHP0000048,2023-01-03,1,1,1,Tuesday,Winter,FY2022-23,Bengaluru,Chennai,Karnataka,Tamil Nadu,South,South,Bengaluru-Chennai,447,CAR006,Express Courier,8,0.03846024250213488,0.9562627574346788,Road,3,1,1,6,7.3,Furniture,3,318.1,49546.0,66.9,4.755,10,Standard,Bubble wrap,0,3.0,1,19.7,22.9,7.4,23.9,0,2.3,Light Commercial Vehicle,4.1,3000,0.8675487895762537,0,11.0,5.0,2.6,1.3,0,0,1,8.0,2.1,6.3,0,1,1.1,0.091,0,,,,
SHP0000049,2023-01-03,1,1,1,Tuesday,Winter,FY2022-23,Jaipur,Bengaluru,Rajasthan,Karnataka,North,South,Jaipur-Bengaluru,1210,CAR001,National Fleet,13,0.049367860100041384,0.9263819778466874,Road,8,3,3,16,12.4,Industrial equipment,2,577.0,181359.0,593.4,0.972,32,High,Metal frame,1,4.0,1,12.8,18.200000000000003,1.8,59.1,0,4.4,Heavy Truck,4.4,16000,1.0808060555525687,1,10.0,5.0,1.8,2.9,0,0,1,7.5,5.3,7.3,0,1,7.7,0.06,0,,,,
SHP0000050,2023-01-03,1,1,1,Tuesday,Winter,FY2022-23,Coimbatore,Mumbai,Tamil Nadu,Maharashtra,South,West,Coimbatore-Mumbai,1388,CAR003,Regional 3PL,10,0.11988146704272476,0.8064319962210036,Road,9,3,4,18,28.7,Textiles,1,185.0,150858.0,150.5,1.229,3,Standard,Wooden crate,1,2.0,2,28.1,30.5,1.3,63.4,0,3.3,Medium Truck,3.0,9000,0.8022278795596011,0,8.0,5.0,3.4,13.9,0,0,1,5.4,3.2,5.6,0,1,1.8,0.079,1,1436.0,1.0,Other,11.0
SHP0000051,2023-01-03,1,1,1,Tuesday,Winter,FY2022-23,Ahmedabad,Lucknow,Gujarat,Uttar Pradesh,West,North,Ahmedabad-Lucknow,1362,CAR002,National Fleet,11,0.06616566718075921,0.9550619313568965,Road,8,3,3,16,19.5,FMCG,2,622.1,71189.0,264.3,2.354,15,High,Mixed packaging,1,4.0,42,18.5,26.4,3.6,32.1,0,2.7,Light Commercial Vehicle,6.5,3000,1.179364199938164,1,8.0,3.7,2.3,13.2,0,0,1,4.9,2.7,3.3,0,1,6.3,0.087,0,,,,
SHP0000052,2023-01-03,1,1,1,Tuesday,Winter,FY2022-23,Pune,Coimbatore,Maharashtra,Tamil Nadu,West,South,Pune-Coimbatore,349,CAR001,National Fleet,15,0.062160356266305894,0.9477704997678165,Road,2,0,1,4,3.2,Textiles,1,248.6,58240.0,158.2,1.571,6,Standard,Corrugated box,1,4.0,1,11.5,18.6,0.7,51.6,0,3.1,Heavy Truck,3.0,16000,0.9797141332451779,0,9.0,5.0,2.9,7.0,0,0,0,6.5,3.3,5.7,0,1,3.2,0.075,0,,,,
SHP0000053,2023-01-03,1,1,1,Tuesday,Winter,FY2022-23,Lucknow,Indore,Uttar Pradesh,Madhya Pradesh,North,Central,Lucknow-Indore,2155,CAR007,Rail Freight Corp,31,0.07048705058350951,0.8918370400880489,Rail,6,2,2,12,19.6,FMCG,2,55.2,7123.0,214.5,0.257,2,Standard,Bubble wrap,0,5.0,7,15.5,19.7,5.3,77.8,0,3.9,Medium Truck,2.8,9000,0.9574900807686065,0,7.0,3.3,1.1,11.0,0,0,0,7.6,4.3,6.9,0,1,6.5,0.101,1,76.0,2.0,Breakage,7.0
SHP0000054,2023-01-03,1,1,1,Tuesday,Winter,FY2022-23,Nagpur,Surat,Maharashtra,Gujarat,West,West,Nagpur-Surat,1822,CAR003,Regional 3PL,10,0.09824356098383688,0.8668084972319477,Road,6,2,2,12,17.8,Textiles,1,85.4,45559.0,163.6,0.522,4,Standard,Metal frame,0,4.0,22,19.8,22.2,11.4,59.3,0,3.2,Medium Truck,3.6,9000,1.1077817443953943,1,4.0,4.5,3.9,8.1,0,0,0,8.7,4.3,7.0,0,1,9.7,0.094,0,,,,
SHP0000055,2023-01-03,1,1,1,Tuesday,Winter,FY2022-23,Kolkata,Kochi,West Bengal,Kerala,East,South,Kolkata-Kochi,993,CAR002,National Fleet,14,0.06850376653959046,0.8831977491230633,Road,4,1,1,8,15.8,Glass products,5,137.0,67065.0,267.4,0.512,11,Standard,Bubble wrap,0,5.0,43,22.3,28.6,2.0,48.3,0,2.4,Light Commercial Vehicle,6.4,3000,1.0107801712419884,1,6.0,4.7,6.1,5.0,0,0,1,7.3,5.2,3.8,0,1,5.9,0.085,0,,,,
SHP0000056,2023-01-03,1,1,1,Tuesday,Winter,FY2022-23,Jaipur,Ahmedabad,Rajasthan,Gujarat,North,West,Jaipur-Ahmedabad,1758,CAR001,National Fleet,14,0.05022433455505015,0.9562629028706107,Road,7,2,3,14,26.5,Automotive parts,2,196.4,70729.0,477.2,0.412,9,Standard,Bubble wrap,1,3.0,0,21.8,28.0,2.4,55.2,0,2.4,Medium Truck,7.9,9000,0.8648359057521038,0,5.0,2.6,1.0,10.7,0,0,1,5.2,2.8,6.9,0,1,4.9,0.063,0,,,,
SHP0000057,2023-01-03,1,1,1,Tuesday,Winter,FY2022-23,Bengaluru,Kolkata,Karnataka,West Bengal,South,East,Bengaluru-Kolkata,1574,CAR010,National Fleet,10,0.0348260225426268,0.9623692687562195,Road,7,2,3,14,26.4,Machinery components,1,2151.0,881738.0,687.5,3.129,59,Standard,Mixed packaging,1,5.0,0,21.4,24.2,0.6,24.2,0,1.6,Light Commercial Vehicle,3.0,3000,1.0353167391332572,1,10.0,4.1,0.8,5.1,0,0,1,6.2,4.2,5.4,0,1,1.7,0.061,0,,,,
SHP0000058,2023-01-03,1,1,1,Tuesday,Winter,FY2022-23,Nagpur,Delhi NCR,Maharashtra,Delhi,West,North,Nagpur-Delhi NCR,1821,CAR001,National Fleet,13,0.04946219373799377,0.982487765214998,Road,6,2,2,12,15.9,Appliances,3,80.3,41423.0,112.4,0.714,3,Urgent,Plastic crate,0,5.0,39,10.4,15.8,4.1,61.5,0,4.6,Multi-Axle Trailer,9.5,25000,0.7595619291212973,0,9.0,4.7,0.5,6.0,0,0,1,9.6,6.0,5.6,0,2,9.4,0.075,0,,,,
SHP0000059,2023-01-03,1,1,1,Tuesday,Winter,FY2022-23,Lucknow,Kolkata,Uttar Pradesh,West Bengal,North,East,Lucknow-Kolkata,1224,CAR009,Regional 3PL,4,0.13898202696456594,0.7428296096296829,Road,7,2,3,14,14.4,Furniture,3,267.4,42501.0,94.4,2.833,11,High,Corrugated box,1,2.0,15,18.5,20.9,0.0,32.8,0,2.3,Medium Truck,0.9,9000,0.7694379685384871,0,10.0,4.0,8.6,4.1,0,0,0,10.0,5.0,5.3,0,1,6.9,0.061,0,,,,
SHP0000060,2023-01-04,1,1,1,Wednesday,Winter,FY2022-23,Ahmedabad,Nagpur,Gujarat,Maharashtra,West,West,Ahmedabad-Nagpur,247,CAR005,Express Courier,10,0.032791362894613305,1.0,Road,24,1,1,6,5.4,Pharmaceuticals,3,10.6,66587.0,122.1,0.087,1,Urgent,Shrink wrap,1,4.0,10,20.9,26.4,0.0,42.6,0,4.7,Multi-Axle Trailer,2.7,25000,0.9901720495216559,0,11.0,4.5,4.2,2.8,1,0,1,8.3,2.2,4.7,0,1,5.0,0.063,0,,,,
SHP0000061,2023-01-04,1,1,1,Wednesday,Winter,FY2022-23,Jaipur,Hyderabad,Rajasthan,Telangana,North,South,Jaipur-Hyderabad,194,CAR001,National Fleet,14,0.04478068282398871,0.9816850563289864,Road,5,2,1,10,10.9,Appliances,3,47.8,49970.0,114.5,0.417,2,Standard,Wooden crate,0,5.0,21,22.5,25.3,1.5,40.6,0,2.5,Multi-Axle Trailer,0.1,25000,0.8714204251482358,0,6.0,4.8,0.5,24.5,0,0,0,6.9,1.3,5.6,0,1,4.3,0.06,0,,,,
SHP0000062,2023-01-04,1,1,1,Wednesday,Winter,FY2022-23,Mumbai,Ahmedabad,Maharashtra,Gujarat,West,West,Mumbai-Ahmedabad,2348,CAR010,National Fleet,9,0.06975248220993618,0.9067871807298458,Road,10,4,4,20,29.9,Consumer electronics,4,66.3,164214.0,151.2,0.438,5,Urgent,Foam protected,0,2.0,18,19.2,23.9,1.0,11.6,0,3.5,Heavy Truck,2.3,16000,0.8670166242143421,0,7.0,2.6,0.2,8.7,0,0,1,8.9,6.9,3.9,0,1,5.2,0.058,0,,,,
SHP0000063,2023-01-04,1,1,1,Wednesday,Winter,FY2022-23,Lucknow,Indore,Uttar Pradesh,Madhya Pradesh,North,Central,Lucknow-Indore,2110,CAR005,Express Courier,12,0.018714656029013975,1.0,Road,9,3,4,18,16.2,FMCG,2,107.1,11784.0,273.3,0.392,2,High,Plastic crate,0,3.0,3,15.1,21.9,4.1,53.0,0,3.5,Medium Truck,2.8,9000,0.580483532370968,0,10.0,2.7,2.9,10.4,0,0,0,9.2,6.3,5.3,0,1,1.3,0.08,0,,,,
SHP0000064,2023-01-04,1,1,1,Wednesday,Winter,FY2022-23,Jaipur,Mumbai,Rajasthan,Maharashtra,North,West,Jaipur-Mumbai,727,CAR003,Regional 3PL,7,0.08239406214767059,0.8228613049980662,Road,4,1,1,8,10.6,Appliances,3,62.9,69920.0,112.0,0.562,2,Standard,Plastic crate,0,4.0,9,22.3,26.2,4.3,42.5,0,2.4,Light Commercial Vehicle,14.5,3000,0.8653308802953689,0,9.0,5.0,1.9,1.9,0,0,1,7.9,5.1,7.4,0,2,4.0,0.083,1,1044.0,1.0,Scratching,23.0
SHP0000065,2023-01-04,1,1,1,Wednesday,Winter,FY2022-23,Coimbatore,Chennai,Tamil Nadu,Tamil Nadu,South,South,Coimbatore-Chennai,346,CAR002,National Fleet,13,0.047381728943217294,0.8914589847352219,Road,2,0,1,4,7.5,Pharmaceuticals,3,17.4,151898.0,79.8,0.218,1,High,Bubble wrap,0,5.0,14,17.5,20.1,2.2,47.8,0,3.4,Medium Truck,8.2,9000,0.7444879050898188,0,9.0,5.0,8.5,1.4,1,0,0,8.3,4.2,3.9,0,1,6.1,0.084,1,19761.0,2.0,Other,71.0
SHP0000066,2023-01-04,1,1,1,Wednesday,Winter,FY2022-23,Ahmedabad,Chennai,Gujarat,Tamil Nadu,West,South,Ahmedabad-Chennai,707,CAR003,Regional 3PL,7,0.10706731467439178,0.8894733924187579,Road,5,2,1,10,17.8,Furniture,3,367.7,51420.0,85.7,4.291,9,Standard,Bubble wrap,1,4.0,15,5.6,11.3,0.3,73.6,0,3.4,Medium Truck,6.1,9000,0.9062959973472725,0,7.0,4.6,2.2,4.4,0,0,1,7.6,2.3,4.8,0,1,1.5,0.096,0,,,,
SHP0000067,2023-01-04,1,1,1,Wednesday,Winter,FY2022-23,Lucknow,Pune,Uttar Pradesh,Maharashtra,North,West,Lucknow-Pune,612,CAR002,National Fleet,10,0.05209237865341774,0.9147681479076382,Road,4,1,1,8,15.4,Glass products,5,324.3,152325.0,273.3,1.187,11,Urgent,Bubble wrap,0,5.0,26,18.7,26.6,2.4,28.6,0,2.3,Light Commercial Vehicle,8.9,3000,0.9752848269606356,0,6.0,5.0,1.7,1.4,0,0,0,5.8,5.1,2.7,0,1,7.4,0.085,0,,,,
SHP0000068,2023-01-04,1,1,1,Wednesday,Winter,FY2022-23,Coimbatore,Indore,Tamil Nadu,Madhya Pradesh,South,Central,Coimbatore-Indore,2256,CAR002,National Fleet,13,0.05755477392961242,0.8902441482164775,Road,7,2,3,14,22.9,Industrial equipment,2,1422.0,1004783.0,501.6,2.835,120,Standard,Mixed packaging,0,4.0,1,16.2,23.9,3.8,32.4,0,3.7,Medium Truck,4.6,9000,0.7560435219201797,0,4.0,2.3,3.0,9.0,0,0,1,5.8,5.3,6.2,0,1,6.1,0.067,0,,,,
SHP0000069,2023-01-04,1,1,1,Wednesday,Winter,FY2022-23,Chennai,Coimbatore,Tamil Nadu,Tamil Nadu,South,South,Chennai-Coimbatore,752,CAR003,Regional 3PL,9,0.08550479289018932,0.8334687897199791,Road,4,1,1,8,11.7,Consumer electronics,4,32.8,90734.0,155.7,0.211,2,Standard,Foam protected,1,4.0,11,16.5,19.6,0.7,54.1,0,3.5,Heavy Truck,13.2,16000,0.9553842247845357,0,12.0,4.4,11.4,1.5,0,0,0,7.7,2.4,2.1,0,1,5.4,0.065,0,,,,
SHP0000070,2023-01-04,1,1,1,Wednesday,Winter,FY2022-23,Surat,Kolkata,Gujarat,West Bengal,West,East,Surat-Kolkata,395,CAR005,Express Courier,10,0.03911858272663516,1.0,Road,3,1,1,6,7.3,Consumer electronics,4,70.2,165121.0,157.0,0.447,4,Standard,Bubble wrap,0,4.0,24,19.3,24.5,1.3,44.5,0,5.0,Heavy Truck,4.7,16000,0.8464691988903774,0,6.0,3.8,8.0,5.6,0,0,1,6.0,3.4,3.0,0,1,1.5,0.079,0,,,,
SHP0000071,2023-01-04,1,1,1,Wednesday,Winter,FY2022-23,Kochi,Pune,Kerala,Maharashtra,South,West,Kochi-Pune,1355,CAR007,Rail Freight Corp,28,0.09794657443357531,0.9325017258779693,Rail,7,2,3,14,14.2,Automotive parts,2,630.9,93806.0,427.3,1.476,46,Standard,Wooden crate,1,4.0,15,24.4,29.2,1.2,64.1,0,3.9,Medium Truck,2.6,9000,0.8009861149752033,0,5.0,4.2,0.4,5.8,0,0,1,5.9,5.2,3.0,0,1,3.6,0.068,0,,,,
SHP0000072,2023-01-04,1,1,1,Wednesday,Winter,FY2022-23,Indore,Lucknow,Madhya Pradesh,Uttar Pradesh,Central,North,Indore-Lucknow,1190,CAR003,Regional 3PL,6,0.10361179788292595,0.8156148084095418,Road,4,1,1,8,7.8,Machinery components,1,1224.6,585582.0,850.9,1.439,32,Standard,Mixed packaging,0,4.0,14,11.7,13.899999999999999,,46.4,0,3.6,Light Commercial Vehicle,5.1,3000,0.9095257999191324,0,13.0,3.6,3.3,6.3,0,0,1,9.0,2.8,5.5,0,1,6.3,0.083,0,,,,
SHP0000073,2023-01-04,1,1,1,Wednesday,Winter,FY2022-23,Nagpur,Pune,Maharashtra,Maharashtra,West,West,Nagpur-Pune,1611,CAR001,National Fleet,13,0.04670325600148088,0.9504830758700124,Road,7,2,3,14,13.2,Glass products,5,48.0,10733.0,259.8,0.185,1,Standard,Foam protected,1,4.0,7,18.8,24.3,0.2,62.0,0,5.0,Light Commercial Vehicle,5.7,3000,0.7737129839409012,0,7.0,3.9,1.9,14.5,0,0,1,6.7,6.3,4.3,0,2,1.9,0.062,0,,,,
SHP0000074,2023-01-04,1,1,1,Wednesday,Winter,FY2022-23,Pune,Lucknow,Maharashtra,Uttar Pradesh,West,North,Pune-Lucknow,2114,CAR001,National Fleet,15,0.032131994909812056,0.9457572260178537,Road,7,2,3,14,15.7,Furniture,3,105.2,28933.0,74.9,1.405,3,Standard,Plastic crate,1,5.0,6,23.5,30.4,0.4,57.3,0,5.0,Medium Truck,2.8,9000,0.5720368908163014,0,5.0,5.0,3.9,17.1,0,0,0,5.2,4.6,2.4,0,1,1.8,0.088,0,,,,
SHP0000075,2023-01-04,1,1,1,Wednesday,Winter,FY2022-23,Indore,Pune,Madhya Pradesh,Maharashtra,Central,West,Indore-Pune,1209,CAR003,Regional 3PL,7,0.07474363890936457,0.8584798589407774,Road,7,2,3,14,15.1,Machinery components,1,1475.5,294966.0,726.5,2.031,98,Urgent,Metal frame,1,5.0,2,19.0,21.2,2.4,46.2,0,3.2,Light Commercial Vehicle,4.9,3000,1.0569662707668552,1,9.0,5.0,2.3,19.5,0,0,1,10.0,3.9,1.6,0,1,7.9,0.063,0,,,,
SHP0000076,2023-01-04,1,1,1,Wednesday,Winter,FY2022-23,Indore,Ahmedabad,Madhya Pradesh,Gujarat,Central,West,Indore-Ahmedabad,295,CAR008,National Fleet,22,0.07246572161434114,0.9110521460701896,Road,4,1,1,8,6.5,Furniture,3,142.7,58820.0,79.2,1.802,5,Standard,Shrink wrap,1,4.0,77,27.4,35.199999999999996,0.2,62.1,0,3.8,Heavy Truck,8.2,16000,0.9904364023113335,0,14.0,2.6,3.9,1.4,0,0,0,9.2,3.7,5.2,0,1,2.7,0.046,0,,,,
SHP0000077,2023-01-04,1,1,1,Wednesday,Winter,FY2022-23,Pune,Hyderabad,Maharashtra,Telangana,West,South,Pune-Hyderabad,1581,CAR003,Regional 3PL,7,0.07869567685808616,0.8348370268298286,Road,7,2,3,14,11.7,Furniture,3,148.3,26145.0,75.0,1.977,3,Standard,Plastic crate,0,2.0,12,16.8,21.4,0.7,48.6,0,2.9,Light Commercial Vehicle,3.7,3000,0.8036932982495694,0,7.0,4.2,0.1,4.3,0,0,0,8.9,6.4,4.3,0,1,1.2,0.093,0,,,,
SHP0000078,2023-01-04,1,1,1,Wednesday,Winter,FY2022-23,Pune,Nagpur,Maharashtra,Maharashtra,West,West,Pune-Nagpur,2484,CAR002,National Fleet,11,0.059165870534619594,0.9257714193055951,Road,8,3,3,16,22.8,FMCG,2,147.1,9449.0,266.0,0.553,6,High,Shrink wrap,0,2.0,25,11.3,17.3,3.2,42.9,0,3.3,Medium Truck,5.5,9000,0.7918925593083669,0,7.0,4.6,1.4,13.2,0,0,0,8.4,7.2,4.7,0,1,3.2,0.086,0,,,,
SHP0000079,2023-01-05,1,1,1,Thursday,Winter,FY2022-23,Kochi,Indore,Kerala,Madhya Pradesh,South,Central,Kochi-Indore,1513,CAR010,National Fleet,10,0.037818390371493454,0.9810870158065377,Road,8,3,3,16,22.8,Textiles,1,127.0,50761.0,150.0,0.847,4,Standard,Metal frame,1,3.0,7,11.4,17.8,2.3,60.7,0,3.0,Light Commercial Vehicle,6.4,3000,0.9720182010874862,0,8.0,5.0,1.3,12.5,0,0,1,6.4,4.3,3.3,0,3,7.3,0.11,0,,,,
SHP0000080,2023-01-05,1,1,1,Thursday,Winter,FY2022-23,Delhi NCR,Jaipur,Delhi,Rajasthan,North,North,Delhi NCR-Jaipur,1659,CAR006,Express Courier,6,0.052847716910104536,0.9552965612916513,Air,6,2,2,12,22.2,Appliances,3,16.2,9032.0,123.5,0.131,1,Standard,Shrink wrap,0,4.0,10,19.9,25.0,1.0,57.4,0,4.6,Medium Truck,5.0,9000,0.9104761030938828,0,9.0,4.1,0.6,5.8,0,0,0,7.9,5.3,5.7,0,1,3.5,0.066,0,,,,
SHP0000081,2023-01-05,1,1,1,Thursday,Winter,FY2022-23,Hyderabad,Ahmedabad,Telangana,Gujarat,South,West,Hyderabad-Ahmedabad,1334,CAR010,National Fleet,10,0.034634437622924216,0.9622330218854145,Road,10,4,4,20,28.2,Automotive parts,2,472.1,1046726.9086599356,322.0,1.466,12,Standard,Foam protected,1,3.0,8,16.5,20.5,3.0,61.5,0,3.8,Multi-Axle Trailer,8.7,25000,0.9204346695151748,0,10.0,5.0,1.4,6.2,0,0,1,5.3,4.6,3.4,0,1,6.4,0.094,0,,,,
SHP0000082,2023-01-05,1,1,1,Thursday,Winter,FY2022-23,Ahmedabad,Mumbai,Gujarat,Maharashtra,West,West,Ahmedabad-Mumbai,1797,CAR005,Express Courier,10,0.02374073514500402,1.0,Air,7,2,3,14,17.0,Furniture,3,87.9,14473.0,78.6,1.118,2,Standard,Bubble wrap,0,,0,18.5,22.2,1.1,66.3,0,2.6,Medium Truck,5.7,9000,0.9138418585372936,0,8.0,4.1,1.0,9.4,0,0,0,4.7,6.1,8.6,0,1,1.2,0.082,0,,,,
SHP0000083,2023-01-05,1,1,1,Thursday,Winter,FY2022-23,Pune,Indore,Maharashtra,Madhya Pradesh,West,Central,Pune-Indore,722,CAR005,Express Courier,12,0.012162449909748019,1.0,Road,6,2,2,12,13.3,Textiles,1,293.4,81568.0,153.9,1.906,16,Urgent,Wooden crate,1,2.0,7,12.7,15.299999999999999,0.5,41.8,0,3.8,Medium Truck,1.6,9000,0.6783409667162592,0,10.0,4.6,6.5,2.8,0,0,1,10.0,3.0,8.2,0,2,1.6,0.085,0,,,,
SHP0000084,2023-01-05,1,1,1,Thursday,Winter,FY2022-23,Bengaluru,Nagpur,Karnataka,Maharashtra,South,West,Bengaluru-Nagpur,2324,CAR010,National Fleet,7,0.03864251164622577,0.9458861812247892,Multimodal,8,3,3,16,25.4,Glass products,5,275.5,219869.0,244.9,1.125,6,High,Foam protected,1,2.0,7,8.2,12.2,1.2,45.9,0,3.2,Light Commercial Vehicle,4.2,3000,0.9505225952005714,0,8.0,4.7,2.3,8.0,0,0,1,6.6,5.9,1.0,0,1,6.0,0.066,0,,,,
SHP0000085,2023-01-05,1,1,1,Thursday,Winter,FY2022-23,Indore,Nagpur,Madhya Pradesh,Maharashtra,Central,West,Indore-Nagpur,1269,CAR006,Express Courier,6,0.05022733237110335,0.9332190099033495,Road,7,2,3,14,17.6,Furniture,3,644.8,91314.0,86.3,7.472,30,High,Mixed packaging,1,2.0,2,16.4,19.5,0.9,61.5,0,3.1,Light Commercial Vehicle,2.4,3000,1.0032256971851974,1,4.0,4.8,4.9,4.6,0,0,0,4.4,2.5,5.5,0,1,3.2,0.078,1,5131.0,1.0,Leakage,20.0
SHP0000086,2023-01-05,1,1,1,Thursday,Winter,FY2022-23,Nagpur,Coimbatore,Maharashtra,Tamil Nadu,West,South,Nagpur-Coimbatore,2311,CAR005,Express Courier,9,0.03435688005838778,0.9985987597502768,Air,6,2,2,12,18.5,Appliances,3,22.7,36338.0,128.4,0.177,1,Standard,Mixed packaging,0,4.0,1,17.5,23.7,0.9,43.3,0,3.6,Light Commercial Vehicle,4.7,3000,1.0407868386519452,1,6.0,4.0,3.2,7.2,0,0,0,7.7,6.1,4.4,0,1,7.8,0.067,0,,,,
SHP0000087,2023-01-05,1,1,1,Thursday,Winter,FY2022-23,Hyderabad,Jaipur,Telangana,Rajasthan,South,North,Hyderabad-Jaipur,760,CAR002,National Fleet,13,0.06214047241861603,0.9003915422398445,Road,5,2,1,10,10.8,FMCG,2,286.7,45382.0,217.8,1.316,6,Urgent,Metal frame,1,5.0,3,22.2,27.1,0.1,40.3,0,3.1,Medium Truck,19.2,9000,0.9492124944324384,0,6.0,4.4,7.1,1.8,0,0,0,9.1,4.9,4.8,0,1,3.8,0.048,0,,,,
SHP0000088,2023-01-05,1,1,1,Thursday,Winter,FY2022-23,Surat,Indore,Gujarat,Madhya Pradesh,West,Central,Surat-Indore,1395,CAR003,Regional 3PL,6,0.08070312564833351,0.8346611613379812,Road,8,3,3,16,17.9,Automotive parts,2,385.7,182182.0,454.8,0.848,14,Urgent,Plastic crate,1,4.0,8,20.5,24.4,0.6,49.6,0,4.2,Heavy Truck,14.0,16000,0.9144590145152856,0,9.0,1.7,5.7,6.6,0,0,0,7.0,4.0,7.8,0,1,6.9,0.043,0,,,,
SHP0000089,2023-01-05,1,1,1,Thursday,Winter,FY2022-23,Kolkata,Pune,West Bengal,Maharashtra,East,West,Kolkata-Pune,1649,CAR005,Express Courier,8,0.01798040186178538,1.0,Air,11,4,5,22,35.8,Automotive parts,2,188.6,58834.0,389.6,0.484,4,Standard,Shrink wrap,0,4.0,3,10.1,15.1,2.4,51.8,0,3.6,Multi-Axle Trailer,1.2,25000,0.7031055019023322,0,15.0,4.2,2.1,5.5,0,0,0,9.5,3.1,8.6,0,1,4.1,0.094,0,,,,
SHP0000090,2023-01-05,1,1,1,Thursday,Winter,FY2022-23,Indore,Chennai,Madhya Pradesh,Tamil Nadu,Central,South,Indore-Chennai,1000,CAR005,Express Courier,9,0.01660419742557316,0.9331680067264325,Road,5,2,1,10,8.0,FMCG,2,561.1,62706.0,215.3,2.606,34,High,Wooden crate,1,4.0,44,13.0,15.4,6.2,43.2,0,,Light Commercial Vehicle,3.3,3000,0.554099469821629,0,7.0,2.9,2.0,3.3,0,0,0,8.9,4.5,3.2,0,1,4.7,0.083,0,,,,
SHP0000091,2023-01-05,1,1,1,Thursday,Winter,FY2022-23,Hyderabad,Kolkata,Telangana,West Bengal,South,East,Hyderabad-Kolkata,2425,CAR004,Regional 3PL,5,0.12623282782285417,0.7689425104514616,Road,6,2,2,12,13.8,Pharmaceuticals,3,10.5,62992.0,90.5,0.116,1,Standard,Corrugated box,0,5.0,35,13.4,18.1,5.7,52.7,0,2.6,Heavy Truck,6.9,16000,0.9761997342996259,0,9.0,4.1,0.8,11.0,1,0,0,9.2,4.7,2.5,0,1,5.9,0.059,0,,,,
SHP0000092,2023-01-05,1,1,1,Thursday,Winter,FY2022-23,Nagpur,Jaipur,Maharashtra,Rajasthan,West,North,Nagpur-Jaipur,2388,CAR006,Express Courier,9,0.04116481202886013,0.9835341999725538,Air,6,2,2,12,21.9,Industrial equipment,2,905.8,490759.0,708.9,1.278,65,Standard,Wooden crate,1,4.0,9,22.2,25.3,3.2,37.9,0,5.0,Medium Truck,1.7,9000,0.865276789750794,0,3.0,4.8,2.3,7.4,0,0,1,6.6,6.9,6.0,0,1,2.9,0.082,0,,,,
SHP0000093,2023-01-05,1,1,1,Thursday,Winter,FY2022-23,Lucknow,Indore,Uttar Pradesh,Madhya Pradesh,North,Central,Lucknow-Indore,2112,CAR002,National Fleet,10,0.060678683129461834,0.8659200083151728,Road,6,2,2,12,19.8,Textiles,1,112.4,54477.0,148.4,0.757,3,Standard,Plastic crate,0,5.0,16,15.3,22.200000000000003,1.0,42.2,0,2.9,Heavy Truck,12.5,16000,0.8625351556837968,0,8.0,3.4,1.4,4.7,0,0,0,7.8,6.0,4.7,0,1,5.7,0.083,1,8248.0,2.0,Water damage,41.0
SHP0000094,2023-01-05,1,1,1,Thursday,Winter,FY2022-23,Bengaluru,Indore,Karnataka,Madhya Pradesh,South,Central,Bengaluru-Indore,1332,CAR009,Regional 3PL,3,0.17433146282162346,0.7364506814918994,Road,8,3,3,16,30.6,FMCG,2,125.6,13994.0,298.9,0.42,7,Standard,Bubble wrap,0,4.0,11,18.5,24.5,2.5,44.3,0,4.0,Heavy Truck,3.9,16000,0.741998479052845,0,9.0,,5.8,7.7,0,0,0,7.6,4.2,4.9,0,1,9.5,0.072,0,,,,
SHP0000095,2023-01-05,1,1,1,Thursday,Winter,FY2022-23,Jaipur,Coimbatore,Rajasthan,Tamil Nadu,North,South,Jaipur-Coimbatore,2086,CAR007,Rail Freight Corp,29,0.0687719036650996,0.8596722120242511,Rail,8,3,3,16,22.6,Textiles,1,428.8,121709.0,126.7,3.384,12,High,Wooden crate,1,5.0,41,20.9,28.299999999999997,9.9,40.4,0,4.4,Heavy Truck,5.3,16000,0.7296426810139263,0,4.0,3.8,0.3,11.2,0,0,0,6.8,5.3,4.4,0,1,7.3,0.04,0,,,,
SHP0000096,2023-01-05,1,1,1,Thursday,Winter,FY2022-23,Indore,Delhi NCR,Madhya Pradesh,Delhi,Central,North,Indore-Delhi NCR,652,CAR008,National Fleet,18,0.07657170054391862,0.8398568590461211,Road,6,2,2,12,10.5,Industrial equipment,2,680.5,269054.0,524.1,1.298,14,Standard,Mixed packaging,1,3.0,35,15.3,21.1,5.1,45.4,0,3.6,Medium Truck,3.2,9000,0.7434058216946099,0,13.0,3.2,1.7,4.7,0,0,1,8.1,3.5,7.4,0,1,5.0,0.099,0,,,,
SHP0000097,2023-01-06,1,1,1,Friday,Winter,FY2022-23,Bengaluru,Delhi NCR,Karnataka,Delhi,South,North,Bengaluru-Delhi NCR,731,CAR001,National Fleet,13,0.036613460459124135,0.941408527486303,Road,4,1,1,8,14.3,FMCG,2,661.4,35430.0,249.2,2.654,17,Standard,Wooden crate,1,2.0,3,22.9,30.799999999999997,0.3,42.7,0,1.9,Light Commercial Vehicle,12.7,3000,0.8795005374999516,0,7.0,4.2,2.6,8.4,0,0,1,8.7,1.9,7.4,0,2,9.3,0.106,0,,,,
SHP0000098,2023-01-06,1,1,1,Friday,Winter,FY2022-23,Delhi NCR,Hyderabad,Delhi,Telangana,North,South,Delhi NCR-Hyderabad,568,CAR008,National Fleet,20,0.07454606521446289,0.9148534795970752,Road,4,1,1,8,12.3,Industrial equipment,2,650.6,470187.0,561.0,1.16,16,Standard,Wooden crate,1,4.0,4,22.5,28.5,1.5,43.6,0,4.9,Medium Truck,4.2,9000,0.7054343731422821,0,8.0,4.4,0.1,1.8,0,0,1,5.1,5.1,5.6,0,1,2.3,0.081,0,,,,
SHP0000099,2023-01-06,1,1,1,Friday,Winter,FY2022-23,Pune,Coimbatore,Maharashtra,Tamil Nadu,West,South,Pune-Coimbatore,309,CAR007,Rail Freight Corp,28,0.1042541162960815,0.8773763160818379,Rail,3,1,1,6,9.5,Consumer electronics,4,148.3,243323.0,147.1,1.008,13,Standard,Bubble wrap,0,4.0,12,24.7,26.8,0.1,37.1,0,4.2,Medium Truck,8.5,9000,0.768507853876896,0,9.0,3.9,2.1,6.3,0,0,1,7.3,3.4,2.9,0,1,9.1,0.091,1,9807.0,2.0,Crushing,18.0
SHP0000100,2023-01-06,1,1,1,Friday,Winter,FY2022-23,Kolkata,Hyderabad,West Bengal,Telangana,East,South,Kolkata-Hyderabad,2419,CAR001,National Fleet,15,0.05021989299135686,0.9208826221380144,Road,7,2,3,14,12.4,Furniture,3,107.3,21412.0,86.2,1.245,3,High,Wooden crate,0,4.0,4,15.8,21.4,0.6,49.0,0,3.5,Medium Truck,7.1,9000,0.9935797905215211,0,9.0,3.8,3.5,5.7,0,0,0,8.3,4.3,3.1,0,1,2.8,0.056,0,,,,
SHP0000101,2023-01-06,1,1,1,Friday,Winter,FY2022-23,Pune,Nagpur,Maharashtra,Maharashtra,West,West,Pune-Nagpur,2471,CAR004,Regional 3PL,5,0.13850528020378616,0.7753850680430325,Road,8,3,3,16,15.5,Furniture,3,103.4,11503.0,83.3,1.241,3,Standard,Foam protected,1,4.0,27,11.2,18.299999999999997,5.9,55.9,0,4.4,Light Commercial Vehicle,13.6,3000,0.6716583401561003,0,9.0,4.6,0.1,6.5,0,0,0,7.7,5.0,5.0,0,1,4.9,0.088,0,,,,
SHP0000102,2023-01-06,1,1,1,Friday,Winter,FY2022-23,Mumbai,Lucknow,Maharashtra,Uttar Pradesh,West,North,Mumbai-Lucknow,968,CAR003,Regional 3PL,8,0.0783256920423108,0.8577237632565029,Road,4,1,1,8,15.3,FMCG,2,1172.2,149727.0,217.8,5.382,68,High,Wooden crate,1,2.0,1,21.5,27.7,3.4,47.5,0,4.3,Light Commercial Vehicle,2.4,3000,0.9952563959019002,0,12.0,4.4,6.7,4.5,0,0,1,7.2,5.5,4.6,0,1,8.7,0.063,0,,,,
SHP0000103,2023-01-06,1,1,1,Friday,Winter,FY2022-23,Kolkata,Lucknow,West Bengal,Uttar Pradesh,East,North,Kolkata-Lucknow,2333,CAR002,National Fleet,11,0.061980665631599416,0.895554497965581,Road,6,2,2,12,23.4,Consumer electronics,4,20.4,55053.0,158.7,0.129,1,Urgent,Foam protected,1,3.0,23,21.4,24.4,0.2,44.9,0,3.0,Heavy Truck,7.6,16000,0.8772217018044456,0,7.0,3.0,2.7,12.1,0,0,0,4.9,5.0,5.6,0,1,1.2,0.083,1,528.0,1.0,Leakage,4.0
SHP0000104,2023-01-06,1,1,1,Friday,Winter,FY2022-23,Mumbai,Delhi NCR,Maharashtra,Delhi,West,North,Mumbai-Delhi NCR,751,CAR002,National Fleet,11,0.07130301143587973,0.8960310626945933,Road,5,2,1,10,11.6,Appliances,3,35.4,28260.0,121.2,0.292,1,Standard,Metal frame,0,4.0,3,15.9,23.5,1.3,44.7,0,3.2,Light Commercial Vehicle,9.7,3000,0.8874206545097613,0,8.0,3.5,0.2,2.0,0,0,0,9.4,4.8,1.6,0,1,4.5,0.1,0,,,,
SHP0000105,2023-01-06,1,1,1,Friday,Winter,FY2022-23,Jaipur,Lucknow,Rajasthan,Uttar Pradesh,North,North,Jaipur-Lucknow,869,CAR002,National Fleet,14,0.06908014653226521,0.9104693126937726,Road,6,2,2,12,10.3,Appliances,3,20.7,10617.0,133.0,0.156,1,Standard,Metal frame,1,4.0,5,20.6,27.8,,50.5,0,2.6,Heavy Truck,12.6,16000,0.9166405740376344,0,7.0,2.9,2.5,8.4,0,0,1,4.5,5.6,5.2,0,1,3.6,0.05,0,,,,
SHP0000106,2023-01-06,1,1,1,Friday,Winter,FY2022-23,Kolkata,Chennai,West Bengal,Tamil Nadu,East,South,Kolkata-Chennai,2215,CAR008,National Fleet,19,0.07655149337852293,0.8950909629906607,Road,7,2,3,14,22.7,Automotive parts,2,258.8,107738.0,415.2,0.623,13,High,Metal frame,1,2.0,7,20.1,24.0,1.5,53.8,0,5.0,Medium Truck,7.6,9000,0.9599758314204268,0,6.0,3.2,11.1,10.0,0,0,0,6.0,6.4,7.4,0,1,2.4,0.076,0,,,,
SHP0000107,2023-01-06,1,1,1,Friday,Winter,FY2022-23,Pune,Jaipur,Maharashtra,Rajasthan,West,North,Pune-Jaipur,954,CAR010,National Fleet,9,0.025525513861311175,0.8993475452210193,Road,4,1,1,8,8.3,Furniture,3,187.4,68207.0,79.1,2.369,12,High,Wooden crate,1,3.0,4,17.2,24.6,0.7,47.4,0,3.3,Light Commercial Vehicle,8.1,3000,0.9893928125832732,0,3.0,4.0,1.7,13.9,0,0,1,8.7,5.3,5.6,0,1,5.8,0.087,0,,,,
SHP0000108,2023-01-06,1,1,1,Friday,Winter,FY2022-23,Kochi,Chennai,Kerala,Tamil Nadu,South,South,Kochi-Chennai,1264,CAR003,Regional 3PL,6,0.10172583399139108,0.8229326810872057,Road,7,2,3,14,22.2,Industrial equipment,2,718.5,126269.0,636.6,1.129,40,Standard,Wooden crate,1,4.0,59,24.8,28.6,0.3,52.4,0,1.8,Medium Truck,9.1,9000,0.8001695451600584,0,9.0,5.0,3.7,3.0,0,0,0,8.0,4.0,6.8,0,1,8.0,0.089,0,,,,
SHP0000109,2023-01-06,1,1,1,Friday,Winter,FY2022-23,Delhi NCR,Mumbai,Delhi,Maharashtra,North,West,Delhi NCR-Mumbai,2278,CAR002,National Fleet,14,0.07341658525353761,0.9333390776131316,Road,7,2,3,14,14.1,Glass products,5,114.2,64017.0,280.6,0.407,5,Standard,Corrugated box,0,3.0,17,22.5,30.4,1.1,48.1,0,3.1,Heavy Truck,1.4,16000,0.7490300670323977,0,6.0,3.4,2.7,5.8,0,0,0,6.9,6.7,5.1,0,1,6.1,0.076,1,18497.0,3.0,Missing component,16.0
SHP0000110,2023-01-06,1,1,1,Friday,Winter,FY2022-23,Surat,Hyderabad,Gujarat,Telangana,West,South,Surat-Hyderabad,1778,CAR002,National Fleet,14,0.062861851202418,0.8744318079714474,Road,7,2,3,14,25.0,Glass products,5,140.1,90612.0,226.0,0.62,3,Standard,Bubble wrap,0,4.0,1,18.0,20.1,4.9,37.7,0,4.0,Light Commercial Vehicle,8.8,3000,0.8933491256864443,0,7.0,5.0,0.7,4.4,0,0,0,6.2,2.8,5.0,0,1,4.4,0.109,1,3689.0,1.0,Crushing,26.0
SHP0000111,2023-01-06,1,1,1,Friday,Winter,FY2022-23,Jaipur,Delhi NCR,Rajasthan,Delhi,North,North,Jaipur-Delhi NCR,2438,CAR005,Express Courier,8,0.046809717430201375,1.0,Road,7,2,3,14,25.0,Machinery components,1,893.6,246681.0,691.1,1.293,82,Standard,Metal frame,0,5.0,18,12.6,19.5,0.5,52.7,0,3.2,Light Commercial Vehicle,3.1,3000,0.7867071991461887,0,12.0,4.1,3.3,20.6,0,0,1,9.5,4.7,4.2,0,1,6.4,0.085,0,,,,
SHP0000112,2023-01-07,1,1,1,Saturday,Winter,FY2022-23,Kolkata,Coimbatore,West Bengal,Tamil Nadu,East,South,Kolkata-Coimbatore,1066,CAR001,National Fleet,14,0.04152631288893721,0.902947247382424,Road,4,1,1,8,12.7,Furniture,3,236.9,62871.0,80.3,2.95,10,Standard,Metal frame,1,4.0,4,21.4,28.5,2.4,66.3,0,3.4,Heavy Truck,7.6,16000,0.7501921311188936,0,6.0,2.4,3.1,5.3,0,0,1,8.7,3.5,5.3,0,1,4.3,0.077,0,,,,
SHP0000113,2023-01-07,1,1,1,Saturday,Winter,FY2022-23,Surat,Pune,Gujarat,Maharashtra,West,West,Surat-Pune,1266,CAR005,Express Courier,12,0.04540036176449017,1.0,Road,7,2,3,14,17.3,FMCG,2,280.8,18472.0,268.0,1.048,14,High,Plastic crate,1,4.0,7,22.6,30.0,1.9,43.8,0,2.0,Medium Truck,1.8,9000,0.7445021236842779,0,10.0,3.7,2.5,2.6,0,0,1,5.3,5.1,4.3,0,2,6.7,0.066,0,,,,
SHP0000114,2023-01-07,1,1,1,Saturday,Winter,FY2022-23,Chennai,Mumbai,Tamil Nadu,Maharashtra,South,West,Chennai-Mumbai,1604,CAR010,National Fleet,7,0.04528370911688912,0.9517476911362207,Road,8,3,3,16,20.8,Consumer electronics,4,32.3,133990.0,152.0,0.212,1,Standard,Foam protected,0,3.0,1,19.3,25.8,1.1,44.6,0,4.1,Heavy Truck,3.7,16000,0.9237952894365784,0,8.0,4.3,5.8,7.4,0,0,0,6.8,4.3,5.2,0,1,9.2,0.059,0,,,,
SHP0000115,2023-01-07,1,1,1,Saturday,Winter,FY2022-23,Delhi NCR,Ahmedabad,Delhi,Gujarat,North,West,Delhi NCR-Ahmedabad,2319,CAR004,Regional 3PL,4,0.11965021355378307,0.7969884574032515,Road,9,3,4,18,33.4,Pharmaceuticals,3,38.2,326940.0,99.2,0.385,1,Standard,Plastic crate,0,5.0,1,21.6,27.900000000000002,1.2,41.6,0,2.0,Light Commercial Vehicle,1.0,3000,0.7283339097410793,0,6.0,4.9,3.3,6.6,1,0,1,7.6,3.5,5.2,0,1,7.7,0.075,0,,,,
SHP0000116,2023-01-07,1,1,1,Saturday,Winter,FY2022-23,Surat,Ahmedabad,Gujarat,Gujarat,West,West,Surat-Ahmedabad,1403,CAR003,Regional 3PL,8,0.08249115610421134,0.8618936330655865,Road,6,2,2,12,18.2,Pharmaceuticals,3,19.8,224107.0,100.4,0.197,1,Standard,Plastic crate,0,2.0,4,18.0,25.4,0.4,39.1,0,5.0,Medium Truck,3.4,9000,0.8263033600797803,0,6.0,3.7,2.8,28.3,1,0,1,9.6,5.8,6.9,0,1,3.9,0.07,0,,,,
SHP0000117,2023-01-07,1,1,1,Saturday,Winter,FY2022-23,Coimbatore,Kochi,Tamil Nadu,Kerala,South,South,Coimbatore-Kochi,1940,CAR001,National Fleet,16,0.03507636947085914,0.9510277169759593,Road,7,2,3,14,20.8,Machinery components,1,973.7,255230.0,919.8,1.059,25,High,Metal frame,1,5.0,16,16.5,20.9,1.8,38.2,0,4.1,Heavy Truck,4.1,16000,0.7478433292507611,0,11.0,5.0,2.7,9.9,0,0,1,9.2,5.7,4.6,0,1,2.2,0.089,0,,,,
SHP0000118,2023-01-07,1,1,1,Saturday,Winter,FY2022-23,Kochi,Chennai,Kerala,Tamil Nadu,South,South,Kochi-Chennai,1308,CAR005,Express Courier,10,0.025869412427832392,0.974576488879206,Air,6,2,2,12,23.8,Machinery components,1,1183.8,368097.0,734.7,1.611,45,Standard,Mixed packaging,1,4.0,20,19.9,26.299999999999997,0.6,44.5,0,3.1,Multi-Axle Trailer,10.9,25000,1.0435619343124065,1,4.0,4.5,4.3,4.7,0,0,1,7.3,2.6,3.2,0,1,7.3,0.074,0,,,,
SHP0000119,2023-01-07,1,1,1,Saturday,Winter,FY2022-23,Pune,Jaipur,Maharashtra,Rajasthan,West,North,Pune-Jaipur,947,CAR001,National Fleet,17,0.04564486982671155,0.9267579601773246,Road,6,2,2,12,11.7,Textiles,1,158.7,49203.0,145.5,1.091,3,Standard,Corrugated box,1,2.0,2,24.5,31.1,1.4,52.0,0,3.5,Multi-Axle Trailer,4.1,25000,0.7568925913427264,0,,5.0,1.5,13.3,0,0,1,6.5,4.0,5.1,0,1,4.8,0.096,0,,,,
SHP0000120,2023-01-07,1,1,1,Saturday,Winter,FY2022-23,Mumbai,Bengaluru,Maharashtra,Karnataka,West,South,Mumbai-Bengaluru,2269,CAR004,Regional 3PL,4,0.12178593611304667,0.8272679123094482,Road,6,2,2,12,18.6,Textiles,1,107.3,25654.0,177.1,0.606,2,Standard,Plastic crate,0,3.0,5,10.8,12.9,0.4,54.6,0,4.5,Light Commercial Vehicle,2.3,3000,0.874046862072467,0,14.0,4.7,0.3,5.1,0,0,1,6.7,4.2,3.6,0,1,3.4,0.103,0,,,,
SHP0000121,2023-01-07,1,1,1,Saturday,Winter,FY2022-23,Ahmedabad,Hyderabad,Gujarat,Telangana,West,South,Ahmedabad-Hyderabad,1369,CAR003,Regional 3PL,9,0.08279484946547067,0.8213399456560798,Road,6,2,2,12,22.2,Pharmaceuticals,3,57.0,403162.0,99.6,0.572,1,High,Wooden crate,0,4.0,12,8.2,14.299999999999999,,45.5,0,3.7,Light Commercial Vehicle,7.7,3000,0.7054399833166913,0,,5.0,0.8,8.7,1,0,1,6.6,2.8,4.0,0,1,1.4,0.075,1,403162.0,5.0,Water damage,11.0
SHP0000122,2023-01-07,1,1,1,Saturday,Winter,FY2022-23,Mumbai,Hyderabad,Maharashtra,Telangana,West,South,Mumbai-Hyderabad,269,CAR002,National Fleet,11,0.06200194365105812,0.9149483181427616,Road,2,0,1,4,3.0,Pharmaceuticals,3,24.0,360099.0,122.8,0.195,1,Standard,Bubble wrap,0,5.0,9,11.0,16.4,0.3,58.2,0,3.3,Light Commercial Vehicle,4.5,3000,0.5016592000809372,0,9.0,3.8,0.8,1.1,1,0,1,7.3,3.2,1.1,0,1,1.5,0.078,0,,,,
SHP0000123,2023-01-07,1,1,1,Saturday,Winter,FY2022-23,Kochi,Kolkata,Kerala,West Bengal,South,East,Kochi-Kolkata,1053,CAR010,National Fleet,11,0.05168122481470992,0.9496511721668657,Road,5,2,1,10,17.8,Automotive parts,2,250.6,100368.0,419.2,0.598,14,Standard,Plastic crate,1,3.0,0,16.1,20.5,1.9,38.5,0,1.6,Medium Truck,5.9,9000,0.6760898642769246,0,4.0,4.9,4.8,9.8,0,0,0,4.5,2.6,6.4,0,1,1.2,0.092,0,,,,
SHP0000124,2023-01-07,1,1,1,Saturday,Winter,FY2022-23,Surat,Lucknow,Gujarat,Uttar Pradesh,West,North,Surat-Lucknow,783,CAR008,National Fleet,21,0.07928282742190743,0.8845792621635085,Road,7,2,3,14,18.6,Furniture,3,229.3,24555.0,86.9,2.639,7,Standard,Foam protected,1,,40,18.6,23.700000000000003,5.4,46.6,0,3.2,Heavy Truck,2.1,16000,0.6900257710509057,0,12.0,3.3,4.1,3.0,0,0,1,6.7,4.8,3.1,0,1,9.2,0.095,0,,,,
SHP0000125,2023-01-07,1,1,1,Saturday,Winter,FY2022-23,Pune,Lucknow,Maharashtra,Uttar Pradesh,West,North,Pune-Lucknow,2173,CAR001,National Fleet,15,0.0647700814463431,0.9603996130131479,Road,6,2,2,12,21.7,Consumer electronics,4,94.9,271041.0,162.9,0.583,2,Standard,Foam protected,0,5.0,31,21.5,28.8,1.3,62.3,0,3.6,Light Commercial Vehicle,7.0,3000,0.9931076350302179,0,4.0,4.6,6.7,7.8,0,0,1,7.6,4.1,4.8,0,1,10.0,0.082,0,,,,
SHP0000126,2023-01-07,1,1,1,Saturday,Winter,FY2022-23,Hyderabad,Chennai,Telangana,Tamil Nadu,South,South,Hyderabad-Chennai,2410,CAR003,Regional 3PL,10,0.09328798709889795,0.8214533189191656,Road,6,2,2,12,19.1,Pharmaceuticals,3,11.4,59219.0,100.0,0.114,1,Standard,Metal frame,0,4.0,4,21.3,29.200000000000003,1.5,36.2,0,5.0,Light Commercial Vehicle,15.7,3000,0.7236964264421328,0,9.0,4.0,0.5,10.0,1,1,0,8.3,4.6,4.5,0,1,4.1,0.09,0,,,,
SHP0000127,2023-01-07,1,1,1,Saturday,Winter,FY2022-23,Nagpur,Mumbai,Maharashtra,Maharashtra,West,West,Nagpur-Mumbai,1032,CAR007,Rail Freight Corp,32,0.08181812391984394,0.8685774295582501,Rail,5,2,1,10,15.5,Pharmaceuticals,3,39.9,213890.0,101.2,0.394,1,High,Mixed packaging,1,4.0,25,9.8,16.700000000000003,0.2,62.3,0,5.0,Light Commercial Vehicle,2.1,3000,0.9237589557962524,0,8.0,5.0,18.4,21.8,1,1,1,6.4,3.7,4.6,0,1,2.4,0.084,0,,,,
SHP0000128,2023-01-07,1,1,1,Saturday,Winter,FY2022-23,Lucknow,Indore,Uttar Pradesh,Madhya Pradesh,North,Central,Lucknow-Indore,2112,CAR008,National Fleet,18,0.07930375826865016,0.9044407494383998,Road,7,2,3,14,20.8,Furniture,3,270.5,42846.0,71.6,3.778,6,Standard,Plastic crate,1,5.0,19,12.6,16.9,2.3,44.7,0,5.0,Multi-Axle Trailer,5.6,25000,0.8951022830294734,0,9.0,4.9,0.0,10.1,0,0,0,7.0,5.1,4.3,0,1,1.8,0.083,1,4896.0,2.0,Scratching,20.0
SHP0000129,2023-01-07,1,1,1,Saturday,Winter,FY2022-23,Coimbatore,Hyderabad,Tamil Nadu,Telangana,South,South,Coimbatore-Hyderabad,1422,CAR005,Express Courier,8,0.035116326272884135,0.9446772454979472,Air,7,2,3,14,19.8,Pharmaceuticals,3,96.5,587898.0,98.7,0.978,4,Standard,Shrink wrap,1,5.0,10,12.4,16.7,0.9,45.5,0,4.0,Medium Truck,1.4,9000,0.8244810597291237,0,9.0,3.5,3.0,4.9,1,0,1,6.3,6.1,3.5,0,1,9.9,0.072,0,,,,
SHP0000130,2023-01-07,1,1,1,Saturday,Winter,FY2022-23,Bengaluru,Mumbai,Karnataka,Maharashtra,South,West,Bengaluru-Mumbai,1986,CAR010,National Fleet,10,0.05749056256145799,0.8752908769732357,Road,6,2,2,12,15.5,Textiles,1,124.6,62421.0,184.4,0.676,2,Standard,Plastic crate,1,4.0,4,,23.700000000000003,0.5,38.4,0,1.8,Medium Truck,5.5,9000,0.7700924251038893,0,9.0,4.2,1.6,11.7,0,0,0,6.9,3.6,5.7,0,1,9.6,0.052,0,,,,
SHP0000131,2023-01-07,1,1,1,Saturday,Winter,FY2022-23,Pune,Bengaluru,Maharashtra,Karnataka,West,South,Pune-Bengaluru,2223,CAR003,Regional 3PL,8,0.08498329233099128,0.8407843626812257,Road,6,2,2,12,12.7,Automotive parts,2,1029.0,226338.0,463.2,2.222,23,Standard,Wooden crate,0,4.0,21,21.2,25.799999999999997,1.4,40.8,0,3.7,Heavy Truck,5.1,16000,0.9227661359216514,0,12.0,5.0,3.6,13.7,0,0,1,7.3,5.7,8.6,0,2,8.4,0.058,0,,,,
SHP0000132,2023-01-07,1,1,1,Saturday,Winter,FY2022-23,Chennai,Pune,Tamil Nadu,Maharashtra,South,West,Chennai-Pune,956,CAR001,National Fleet,15,0.039311536333046015,0.9379920571835643,Road,6,2,2,12,22.0,Automotive parts,2,365.6,75729.0,389.3,0.939,12,High,Mixed packaging,1,4.0,4,15.1,22.0,0.4,67.1,0,2.1,Light Commercial Vehicle,2.4,3000,1.0984127341654226,1,9.0,4.8,3.2,3.0,0,0,0,7.9,5.1,5.2,0,1,4.9,0.079,0,,,,
SHP0000133,2023-01-08,1,1,1,Sunday,Winter,FY2022-23,Coimbatore,Mumbai,Tamil Nadu,Maharashtra,South,West,Coimbatore-Mumbai,1403,CAR010,National Fleet,8,0.06601626123460132,0.934547766344342,Road,8,3,3,16,16.9,Industrial equipment,2,376.6,132575.0,616.3,0.611,8,Standard,Foam protected,1,1.0,16,18.7,22.599999999999998,2.1,68.4,0,3.0,Medium Truck,8.9,9000,0.6813953166437559,0,15.0,4.0,2.6,4.0,0,0,1,7.4,4.8,1.0,0,1,7.0,0.076,0,,,,
SHP0000134,2023-01-08,1,1,1,Sunday,Winter,FY2022-23,Nagpur,Lucknow,Maharashtra,Uttar Pradesh,West,North,Nagpur-Lucknow,1793,CAR004,Regional 3PL,3,0.1147094158475116,0.7961148689861955,Multimodal,8,3,3,16,31.4,Consumer electronics,4,102.2,203756.0,169.0,0.605,2,High,Foam protected,0,5.0,3,16.7,21.6,4.4,57.3,0,3.4,Light Commercial Vehicle,4.2,3000,0.9958766662160511,0,6.0,5.0,0.5,22.3,0,0,1,10.0,3.2,4.5,0,1,5.3,0.09,0,,,,
SHP0000135,2023-01-08,1,1,1,Sunday,Winter,FY2022-23,Pune,Coimbatore,Maharashtra,Tamil Nadu,West,South,Pune-Coimbatore,311,CAR001,National Fleet,16,0.06092981791734023,0.9473741038590059,Road,2,0,1,4,5.8,Consumer electronics,4,105.7,502843.0,154.2,0.685,2,Standard,Foam protected,0,5.0,6,22.3,29.8,,50.2,0,3.7,Light Commercial Vehicle,3.1,3000,0.6483547946177703,0,7.0,3.2,3.5,9.4,0,0,1,8.3,5.1,6.8,0,1,5.7,0.078,0,,,,
SHP0000136,2023-01-08,1,1,1,Sunday,Winter,FY2022-23,Chennai,Coimbatore,Tamil Nadu,Tamil Nadu,South,South,Chennai-Coimbatore,795,CAR007,Rail Freight Corp,28,0.07571381467188654,0.8912224862455772,Rail,5,2,1,10,16.2,Machinery components,1,988.7,289438.0,749.1,1.32,21,Standard,Metal frame,1,4.0,21,16.1,23.400000000000002,0.1,57.5,0,2.6,Medium Truck,9.3,9000,0.5733529519526472,0,5.0,3.8,0.9,8.1,0,0,1,7.2,2.5,6.0,0,1,8.1,0.063,0,,,,
SHP0000137,2023-01-08,1,1,1,Sunday,Winter,FY2022-23,Kochi,Surat,Kerala,Gujarat,South,West,Kochi-Surat,985,CAR002,National Fleet,14,0.03836909748023466,0.8910539508021504,Road,4,1,1,8,11.9,Pharmaceuticals,3,54.2,1284835.0,100.0,0.542,1,Urgent,Shrink wrap,0,3.0,55,22.0,27.6,4.7,59.6,0,3.2,Light Commercial Vehicle,8.8,3000,0.9647066265612967,0,10.0,3.5,0.1,2.9,1,0,1,6.6,5.2,4.1,0,1,7.6,0.064,1,26245.0,2.0,Crushing,14.0
SHP0000138,2023-01-08,1,1,1,Sunday,Winter,FY2022-23,Mumbai,Bengaluru,Maharashtra,Karnataka,West,South,Mumbai-Bengaluru,2280,CAR001,National Fleet,15,0.04781618472094483,0.9431834941065586,Road,7,2,3,14,15.2,Appliances,3,836.5,566053.0,122.3,6.84,20,Standard,Metal frame,1,5.0,8,21.5,28.4,1.7,58.7,0,2.5,Light Commercial Vehicle,2.8,3000,0.9375683623934659,0,4.0,4.4,0.2,9.3,0,0,1,6.8,4.4,4.8,0,2,7.0,0.102,1,17022.0,2.0,Breakage,15.0
SHP0000139,2023-01-08,1,1,1,Sunday,Winter,FY2022-23,Hyderabad,Ahmedabad,Telangana,Gujarat,South,West,Hyderabad-Ahmedabad,1321,CAR008,National Fleet,21,0.06633811988809286,0.9111467977392236,Road,7,2,3,14,20.0,Consumer electronics,4,73.0,139445.0,163.1,0.448,1,Standard,Bubble wrap,0,4.0,19,14.4,21.2,0.6,58.7,0,5.0,Medium Truck,10.1,9000,0.48089008925063736,0,6.0,4.3,3.6,11.3,0,0,1,7.3,5.9,9.1,0,1,5.4,0.09,0,,,,
SHP0000140,2023-01-08,1,1,1,Sunday,Winter,FY2022-23,Kolkata,Delhi NCR,West Bengal,Delhi,East,North,Kolkata-Delhi NCR,1011,CAR002,National Fleet,12,0.06322432155239138,0.890880991144327,Road,5,2,1,10,14.9,Pharmaceuticals,3,53.9,571112.0,100.9,0.534,1,Standard,Foam protected,0,4.0,18,32.3,36.599999999999994,0.7,42.5,0,3.3,Medium Truck,14.6,9000,0.8154430640204597,0,14.0,4.5,2.6,4.5,1,0,1,5.7,5.0,3.7,0,1,2.1,0.089,0,,,,
SHP0000141,2023-01-08,1,1,1,Sunday,Winter,FY2022-23,Pune,Bengaluru,Maharashtra,Karnataka,West,South,Pune-Bengaluru,2240,CAR005,Express Courier,12,0.026228624741205495,0.9909182466257402,Road,6,2,2,12,17.5,Furniture,3,340.3,122623.0,67.1,5.072,13,Standard,Foam protected,1,5.0,9,17.6,20.400000000000002,1.9,37.2,0,2.9,Multi-Axle Trailer,1.8,25000,0.9259097340058038,0,8.0,3.7,0.9,13.1,0,0,0,9.3,6.8,5.2,0,1,6.7,0.064,0,,,,
SHP0000142,2023-01-08,1,1,1,Sunday,Winter,FY2022-23,Lucknow,Ahmedabad,Uttar Pradesh,Gujarat,North,West,Lucknow-Ahmedabad,1437,CAR006,Express Courier,9,0.040729061312060943,0.9308019263447344,Road,9,3,4,18,16.4,Automotive parts,2,670.6,249580.0,386.2,1.736,18,Urgent,Wooden crate,1,5.0,20,21.4,28.2,1.2,41.6,0,1.5,Heavy Truck,10.2,16000,0.7005669084985364,0,7.0,4.9,0.9,6.7,0,0,1,7.3,3.2,5.7,0,2,2.3,0.091,0,,,,
SHP0000143,2023-01-08,1,1,1,Sunday,Winter,FY2022-23,Jaipur,Nagpur,Rajasthan,Maharashtra,North,West,Jaipur-Nagpur,850,CAR010,National Fleet,8,0.056481273105500975,0.9529036074154145,Road,4,1,1,8,14.5,FMCG,2,177.5,20480.0,202.1,0.878,5,Standard,Plastic crate,1,3.0,10,20.4,23.0,0.5,55.3,0,2.2,Multi-Axle Trailer,5.1,25000,0.7327755839170317,0,7.0,5.0,1.7,1.9,0,0,1,8.8,4.1,4.2,0,1,7.1,0.102,0,,,,
SHP0000144,2023-01-08,1,1,1,Sunday,Winter,FY2022-23,Chennai,Nagpur,Tamil Nadu,Maharashtra,South,West,Chennai-Nagpur,2309,CAR003,Regional 3PL,7,0.10438082655716677,0.8156385583027506,Multimodal,8,3,3,16,31.5,Automotive parts,2,847.9,214706.0,461.6,1.837,28,Standard,Metal frame,1,4.0,3,14.8,21.3,0.3,40.7,0,2.5,Medium Truck,7.0,9000,0.8405769911455249,0,9.0,4.7,5.0,5.8,0,0,1,8.6,6.1,3.8,0,1,9.9,0.081,1,3309.0,3.0,Crushing,22.0
SHP0000145,2023-01-08,1,1,1,Sunday,Winter,FY2022-23,Lucknow,Delhi NCR,Uttar Pradesh,Delhi,North,North,Lucknow-Delhi NCR,384,CAR005,Express Courier,11,0.02434579081589699,1.0,Road,4,1,1,8,7.5,Pharmaceuticals,3,20.4,177486.0,111.3,0.183,1,Urgent,Shrink wrap,1,4.0,15,11.5,17.0,2.8,63.5,0,2.8,Heavy Truck,5.7,16000,0.9891075601646517,0,7.0,5.0,2.1,6.2,1,0,1,6.7,1.4,4.7,0,1,1.8,0.077,0,,,,
SHP0000146,2023-01-08,1,1,1,Sunday,Winter,FY2022-23,Jaipur,Indore,Rajasthan,Madhya Pradesh,North,Central,Jaipur-Indore,2048,CAR003,Regional 3PL,10,0.0978018562545726,0.8300785437396623,Road,7,2,3,14,20.3,Textiles,1,151.3,40951.0,150.8,1.003,5,Standard,Foam protected,1,4.0,3,21.2,24.2,0.1,39.8,0,4.6,Medium Truck,10.4,9000,0.8351612731181008,0,8.0,4.2,3.3,7.0,0,0,1,6.9,5.2,1.0,0,1,7.8,0.073,0,,,,
SHP0000147,2023-01-08,1,1,1,Sunday,Winter,FY2022-23,Kolkata,Indore,West Bengal,Madhya Pradesh,East,Central,Kolkata-Indore,2204,CAR004,Regional 3PL,4,0.1130021934318514,0.8303726707873867,Road,6,2,2,12,18.5,Textiles,1,167.5,46673.0,133.6,1.254,4,Standard,Mixed packaging,1,,10,22.1,25.1,0.4,72.4,0,3.9,Medium Truck,3.5,9000,0.898148024829119,0,11.0,4.9,9.7,5.9,0,0,0,6.9,7.2,3.7,0,2,9.7,0.063,0,,,,
SHP0000148,2023-01-08,1,1,1,Sunday,Winter,FY2022-23,Bengaluru,Hyderabad,Karnataka,Telangana,South,South,Bengaluru-Hyderabad,1328,CAR001,National Fleet,17,0.059812239258109766,0.8920310978181056,Road,7,2,3,14,16.8,Glass products,5,88.4,26114.0,213.5,0.414,7,Urgent,Foam protected,1,3.0,18,12.1,17.4,,40.8,0,2.8,Light Commercial Vehicle,3.3,3000,0.8573102788748079,0,4.0,3.7,5.1,12.8,0,0,0,7.0,4.2,3.9,0,1,8.7,0.091,0,,,,
SHP0000149,2023-01-08,1,1,1,Sunday,Winter,FY2022-23,Coimbatore,Lucknow,Tamil Nadu,Uttar Pradesh,South,North,Coimbatore-Lucknow,684,CAR009,Regional 3PL,2,0.15516174495831095,0.7368641272060693,Road,5,2,1,10,15.5,Automotive parts,2,556.0,125150.0,434.5,1.28,23,Standard,Wooden crate,1,,10,10.2,14.899999999999999,0.3,48.1,0,4.1,Light Commercial Vehicle,13.2,3000,0.652055228908575,0,12.0,4.9,3.0,4.5,0,0,0,4.5,4.9,7.4,0,1,2.0,0.058,0,,,,
SHP0000150,2023-01-08,1,1,1,Sunday,Winter,FY2022-23,Pune,Nagpur,Maharashtra,Maharashtra,West,West,Pune-Nagpur,2478,CAR001,National Fleet,13,0.04833308768271985,0.9886775793311668,Road,6,2,2,12,18.1,FMCG,2,298.5,14305.0,267.2,1.117,18,High,Plastic crate,1,3.0,26,20.4,25.5,1.6,90.0,0,3.4,Medium Truck,7.2,9000,1.1122733552286617,1,7.0,4.6,2.8,20.6,0,0,1,8.6,4.3,3.5,0,1,1.7,0.077,0,,,,
SHP0000151,2023-01-08,1,1,1,Sunday,Winter,FY2022-23,Chennai,Lucknow,Tamil Nadu,Uttar Pradesh,South,North,Chennai-Lucknow,1321,CAR002,National Fleet,12,0.07445434563829055,0.9262584769961612,Road,6,2,2,12,10.5,Textiles,1,51.8,18459.0,136.9,0.378,1,Standard,Bubble wrap,0,4.0,5,17.6,22.5,0.7,60.3,0,2.1,Heavy Truck,9.0,16000,0.857843966924985,0,7.0,3.9,2.4,4.5,0,0,0,4.0,5.7,3.0,0,1,2.3,0.085,0,,,,
SHP0000152,2023-01-08,1,1,1,Sunday,Winter,FY2022-23,Mumbai,Nagpur,Maharashtra,Maharashtra,West,West,Mumbai-Nagpur,1965,CAR007,Rail Freight Corp,32,0.052977876946750796,0.8748711114901437,Rail,10,4,4,20,38.8,Furniture,3,435.2,86779.0,77.8,5.594,38,Standard,Bubble wrap,1,4.0,18,19.9,26.799999999999997,1.3,61.4,0,4.3,Heavy Truck,9.0,16000,0.87495539354546,0,6.0,4.0,0.7,4.0,0,0,0,5.2,4.7,5.2,0,1,2.4,0.095,0,,,,
SHP0000153,2023-01-08,1,1,1,Sunday,Winter,FY2022-23,Jaipur,Bengaluru,Rajasthan,Karnataka,North,South,Jaipur-Bengaluru,1212,CAR006,Express Courier,8,0.034791618673318966,0.9756743219166919,Air,6,2,2,12,18.4,FMCG,2,354.8,28470.0,232.3,1.527,13,Standard,Wooden crate,0,5.0,45,17.4,20.2,2.8,55.0,0,4.0,Heavy Truck,1.6,16000,1.1981593447059198,1,4.0,4.4,3.6,4.6,0,0,1,5.7,2.4,7.0,0,1,2.6,0.066,0,,,,
SHP0000154,2023-01-08,1,1,1,Sunday,Winter,FY2022-23,Chennai,Coimbatore,Tamil Nadu,Tamil Nadu,South,South,Chennai-Coimbatore,731,CAR008,National Fleet,21,0.0494186514408296,0.944684900383817,Road,4,1,1,8,8.0,Furniture,3,145.4,38091.0,65.4,2.223,4,Urgent,Mixed packaging,0,5.0,37,22.5,26.1,0.4,34.7,0,3.4,Medium Truck,6.2,9000,1.180568113136905,1,3.0,5.0,0.3,4.9,0,0,0,6.9,1.8,4.3,0,1,7.4,0.091,0,,,,
SHP0000155,2023-01-09,1,1,2,Monday,Winter,FY2022-23,Indore,Mumbai,Madhya Pradesh,Maharashtra,Central,West,Indore-Mumbai,557,CAR005,Express Courier,11,0.01079210077177642,1.0,Road,5,2,1,10,13.8,Automotive parts,2,297.8,65607.0,377.2,0.79,13,Standard,Plastic crate,0,3.0,12,27.9,32.3,5.4,47.5,0,3.9,Heavy Truck,7.6,16000,0.6325023926383296,0,5.0,4.0,1.3,1.8,0,0,1,5.9,3.5,1.1,0,1,6.3,0.074,0,,,,
SHP0000156,2023-01-09,1,1,2,Monday,Winter,FY2022-23,Coimbatore,Nagpur,Tamil Nadu,Maharashtra,South,West,Coimbatore-Nagpur,1944,CAR010,National Fleet,9,0.053092701124550154,0.8841090808392564,Road,9,3,4,18,31.5,Industrial equipment,2,641.8,322594.0,631.1,1.017,14,Standard,Metal frame,1,5.0,54,23.8,31.8,1.0,35.8,0,4.2,Multi-Axle Trailer,2.8,25000,0.6999084907493602,0,8.0,2.8,1.7,3.9,0,0,1,6.0,5.5,3.9,0,1,7.3,0.095,0,,,,
SHP0000157,2023-01-09,1,1,2,Monday,Winter,FY2022-23,Hyderabad,Bengaluru,Telangana,Karnataka,South,South,Hyderabad-Bengaluru,1374,CAR010,National Fleet,11,0.03858762820607419,0.9810884267660681,Road,7,2,3,14,18.9,Textiles,1,103.6,41587.0,131.5,0.788,2,Urgent,Mixed packaging,0,5.0,1,14.3,19.700000000000003,0.3,54.2,0,1.0,Light Commercial Vehicle,5.3,3000,0.8318151827520881,0,11.0,,1.4,3.7,0,0,1,7.1,3.7,2.9,0,1,6.7,0.061,0,,,,
SHP0000158,2023-01-09,1,1,2,Monday,Winter,FY2022-23,Bengaluru,Chennai,Karnataka,Tamil Nadu,South,South,Bengaluru-Chennai,411,CAR008,National Fleet,21,0.07851192597279093,0.9227959789558406,Road,5,2,1,10,12.7,Appliances,3,76.1,46333.0,108.6,0.701,4,Standard,Wooden crate,0,4.0,7,19.6,24.200000000000003,2.0,62.4,0,3.9,Medium Truck,2.3,9000,0.8156972207594217,0,9.0,4.0,1.8,4.1,0,0,1,7.1,4.8,3.8,0,1,3.4,0.074,0,,,,
SHP0000159,2023-01-09,1,1,2,Monday,Winter,FY2022-23,Chennai,Nagpur,Tamil Nadu,Maharashtra,South,West,Chennai-Nagpur,2333,CAR003,Regional 3PL,8,0.10072601227264306,0.8649975623061111,Road,6,2,2,12,16.4,Industrial equipment,2,844.1,650894.0,554.2,1.523,23,High,Metal frame,1,4.0,3,16.5,20.0,0.9,67.8,0,2.5,Multi-Axle Trailer,3.0,25000,0.7128597183473523,0,8.0,4.2,2.2,19.4,0,0,1,6.4,3.6,2.6,0,1,5.9,0.073,0,,,,
SHP0000160,2023-01-09,1,1,2,Monday,Winter,FY2022-23,Surat,Nagpur,Gujarat,Maharashtra,West,West,Surat-Nagpur,2010,CAR001,National Fleet,13,0.05841748932832235,0.9542986181074912,Road,6,2,2,12,18.7,Machinery components,1,1431.1,208046.0,855.0,1.674,59,Standard,Metal frame,1,1.0,5,17.7,19.9,0.7,79.2,0,3.3,Multi-Axle Trailer,5.4,25000,1.0385888520427171,1,3.0,4.1,0.1,18.8,0,0,1,9.0,4.8,10.0,0,1,8.4,0.073,1,11818.0,1.0,Water damage,28.0
SHP0000161,2023-01-09,1,1,2,Monday,Winter,FY2022-23,Jaipur,Hyderabad,Rajasthan,Telangana,North,South,Jaipur-Hyderabad,174,CAR005,Express Courier,8,0.013452350401346475,1.0,Road,2,0,1,4,5.3,FMCG,2,113.4,17781.0,252.1,0.45,2,Standard,Corrugated box,0,3.0,7,16.8,19.400000000000002,0.4,55.1,0,4.1,Medium Truck,17.7,9000,0.6959201881751869,0,10.0,3.8,1.9,17.9,0,0,1,9.9,1.8,4.2,0,1,8.0,0.065,0,,,,
SHP0000162,2023-01-09,1,1,2,Monday,Winter,FY2022-23,Kochi,Chennai,Kerala,Tamil Nadu,South,South,Kochi-Chennai,1264,CAR001,National Fleet,15,0.05089806767153773,0.9527108853539131,Road,7,2,3,14,17.1,Consumer electronics,4,34.6,60766.0,138.9,0.249,1,Urgent,Foam protected,1,3.0,43,15.2,17.5,1.2,43.9,0,2.1,Medium Truck,3.8,9000,0.96170458040471,0,6.0,3.1,2.6,3.3,0,0,0,8.1,3.5,5.4,0,1,8.4,0.067,0,,,,
SHP0000163,2023-01-09,1,1,2,Monday,Winter,FY2022-23,Ahmedabad,Chennai,Gujarat,Tamil Nadu,West,South,Ahmedabad-Chennai,679,CAR008,National Fleet,19,0.06907490602721568,0.9090847755882765,Road,6,2,2,12,12.8,Furniture,3,318.9,65131.0,66.4,4.803,7,Urgent,Mixed packaging,1,4.0,2,17.0,20.9,3.0,80.6,0,3.5,Multi-Axle Trailer,2.9,25000,1.0420811593362895,1,11.0,5.0,4.3,8.7,0,0,0,7.1,2.1,5.5,0,2,4.2,0.095,0,,,,
SHP0000164,2023-01-09,1,1,2,Monday,Winter,FY2022-23,Kolkata,Jaipur,West Bengal,Rajasthan,East,North,Kolkata-Jaipur,768,CAR005,Express Courier,10,0.032265814624837304,0.9624843852308336,Road,5,2,1,10,19.1,Glass products,5,171.8,78505.0,198.5,0.865,3,Standard,Corrugated box,1,2.0,16,20.6,25.8,0.2,46.5,0,4.3,Heavy Truck,13.2,16000,0.8630375193814732,0,12.0,4.0,4.1,6.6,0,0,0,10.0,4.7,6.6,0,1,9.3,0.047,0,,,,
SHP0000165,2023-01-09,1,1,2,Monday,Winter,FY2022-23,Bengaluru,Jaipur,Karnataka,Rajasthan,South,North,Bengaluru-Jaipur,1057,CAR006,Express Courier,9,0.05166518952335837,0.990730258145598,Air,4,1,1,8,7.5,Furniture,3,244.7,52799.0,76.7,3.19,5,Urgent,Plastic crate,1,5.0,24,23.6,31.3,0.8,63.6,0,4.1,Light Commercial Vehicle,4.0,3000,0.9422474748317113,0,3.0,3.0,2.6,5.7,0,0,0,8.2,2.9,5.2,0,1,3.6,0.096,0,,,,
SHP0000166,2023-01-09,1,1,2,Monday,Winter,FY2022-23,Kochi,Jaipur,Kerala,Rajasthan,South,North,Kochi-Jaipur,502,CAR001,National Fleet,14,0.05397128308215275,0.9858415339939711,Road,4,1,1,8,11.7,Glass products,5,260.7,112230.0,236.4,1.103,23,Urgent,Foam protected,1,5.0,11,17.5,20.1,3.6,49.6,0,4.4,Multi-Axle Trailer,2.5,25000,1.1516897334242029,1,13.0,4.4,3.9,8.3,0,0,0,7.2,3.0,5.5,0,1,2.8,0.08,0,,,,
SHP0000167,2023-01-09,1,1,2,Monday,Winter,FY2022-23,Bengaluru,Indore,Karnataka,Madhya Pradesh,South,Central,Bengaluru-Indore,1328,CAR005,Express Courier,12,0.013304051958534107,1.0,Road,6,2,2,12,18.3,FMCG,2,444.8,34061.0,209.7,2.121,12,Standard,Corrugated box,1,3.0,13,19.1,21.400000000000002,7.8,67.6,0,3.8,Light Commercial Vehicle,3.4,3000,0.5484085687511271,0,9.0,3.9,1.7,5.4,0,0,1,10.0,2.7,3.6,0,1,9.7,0.08,0,,,,
SHP0000168,2023-01-09,1,1,2,Monday,Winter,FY2022-23,Kochi,Hyderabad,Kerala,Telangana,South,South,Kochi-Hyderabad,2298,CAR002,National Fleet,13,0.059380008111371924,0.9102170650243729,Road,8,3,3,16,25.1,Textiles,1,89.5,32061.0,146.9,0.609,2,High,Foam protected,1,3.0,0,14.6,18.9,0.1,59.9,0,2.4,Medium Truck,3.7,9000,0.9307259084992646,0,12.0,3.3,4.5,13.4,0,0,0,5.8,6.2,2.6,0,1,3.7,0.073,0,,,,
SHP0000169,2023-01-09,1,1,2,Monday,Winter,FY2022-23,Coimbatore,Indore,Tamil Nadu,Madhya Pradesh,South,Central,Coimbatore-Indore,2242,CAR004,Regional 3PL,3,0.12365701973553854,0.7714649029310197,Road,7,2,3,14,13.1,Textiles,1,112.0,41392.0,132.3,0.847,3,Urgent,Bubble wrap,0,4.0,2,13.6,16.1,0.2,78.8,0,2.7,Heavy Truck,8.6,16000,0.8150910328528115,0,8.0,3.6,0.9,7.5,0,0,0,7.8,6.3,3.9,0,1,6.3,0.073,0,,,,
SHP0000170,2023-01-09,1,1,2,Monday,Winter,FY2022-23,Ahmedabad,Surat,Gujarat,Gujarat,West,West,Ahmedabad-Surat,262,CAR003,Regional 3PL,7,0.0928977284680012,0.8030745199541351,Road,3,1,1,6,8.6,Consumer electronics,4,19.3,101215.0,150.2,0.128,1,Urgent,Foam protected,1,4.0,63,21.7,28.5,0.1,49.9,0,4.8,Light Commercial Vehicle,2.1,3000,0.8138695437378363,0,8.0,3.8,0.9,2.8,0,0,1,7.9,4.9,7.2,0,1,7.7,0.063,0,,,,
SHP0000171,2023-01-09,1,1,2,Monday,Winter,FY2022-23,Kolkata,Hyderabad,West Bengal,Telangana,East,South,Kolkata-Hyderabad,2382,CAR002,National Fleet,14,0.05762372533868244,0.9278100614880543,Road,8,3,3,16,23.6,Textiles,1,147.6,103729.0,165.8,0.89,7,High,Corrugated box,0,5.0,21,12.4,19.3,2.4,63.9,0,3.6,Heavy Truck,10.6,16000,0.8070791886057371,0,8.0,3.0,0.4,11.1,0,0,0,8.2,6.7,7.1,0,1,5.5,0.049,0,,,,
SHP0000172,2023-01-09,1,1,2,Monday,Winter,FY2022-23,Coimbatore,Delhi NCR,Tamil Nadu,Delhi,South,North,Coimbatore-Delhi NCR,801,CAR004,Regional 3PL,7,0.13001086661597935,0.7974564853931229,Road,5,2,1,10,19.7,Furniture,3,316.6,155746.0,78.1,4.054,8,Standard,Foam protected,1,4.0,63,21.3,28.8,10.6,42.0,0,2.7,Heavy Truck,3.0,16000,0.8236365735342739,0,4.0,3.8,0.5,8.2,0,0,1,7.9,4.4,6.8,0,1,7.2,0.065,1,18930.0,3.0,Missing component,39.0
SHP0000173,2023-01-09,1,1,2,Monday,Winter,FY2022-23,Hyderabad,Pune,Telangana,Maharashtra,South,West,Hyderabad-Pune,1983,CAR008,National Fleet,19,0.07461353086539524,0.8996096468437201,Road,6,2,2,12,11.8,Appliances,3,459.5,212371.0,122.2,3.76,34,Standard,Metal frame,1,4.0,14,16.3,19.2,3.3,82.7,0,2.2,Medium Truck,1.0,9000,0.778437502738896,0,6.0,5.0,0.7,7.2,0,0,1,7.0,5.7,7.2,0,1,2.9,0.086,0,,,,
SHP0000174,2023-01-09,1,1,2,Monday,Winter,FY2022-23,Mumbai,Delhi NCR,Maharashtra,Delhi,West,North,Mumbai-Delhi NCR,731,CAR002,National Fleet,10,0.05458503627176587,0.8778428496875579,Road,5,2,1,10,16.2,Textiles,1,180.9,30477.0,149.4,1.211,5,Standard,Metal frame,1,5.0,23,15.5,22.9,1.0,46.7,0,2.3,Multi-Axle Trailer,3.1,25000,1.0273196403090237,1,4.0,4.8,0.8,6.8,0,0,0,6.7,3.8,8.6,0,2,2.9,0.086,0,,,,
SHP0000175,2023-01-09,1,1,2,Monday,Winter,FY2022-23,Bengaluru,Lucknow,Karnataka,Uttar Pradesh,South,North,Bengaluru-Lucknow,1263,CAR005,Express Courier,12,0.01,0.9717820161888151,Road,7,2,3,14,13.1,Consumer electronics,4,90.6,221489.0,176.5,0.513,1,High,Foam protected,1,4.0,6,21.8,29.0,0.7,49.5,0,3.6,Heavy Truck,0.8,16000,0.8936449328147754,0,7.0,5.0,2.3,9.4,0,0,1,8.6,2.8,8.1,0,1,9.6,0.102,0,,,,
SHP0000176,2023-01-09,1,1,2,Monday,Winter,FY2022-23,Hyderabad,Surat,Telangana,Gujarat,South,West,Hyderabad-Surat,1745,CAR003,Regional 3PL,10,0.09107795188831899,0.8111984415905654,Road,7,2,3,14,22.0,Industrial equipment,2,1100.5,439323.0,655.7,1.678,38,Standard,Wooden crate,0,4.0,17,24.5,27.5,0.8,54.2,0,4.7,Heavy Truck,1.1,16000,0.9812664612308617,0,13.0,4.7,0.1,23.7,0,0,1,6.9,6.0,8.5,0,1,5.4,0.107,0,,,,
SHP0000177,2023-01-09,1,1,2,Monday,Winter,FY2022-23,Bengaluru,Hyderabad,Karnataka,Telangana,South,South,Bengaluru-Hyderabad,1345,CAR006,Express Courier,8,0.04185349190325745,0.9282585098358911,Road,9,3,4,18,30.6,Pharmaceuticals,3,54.0,366969.0,81.5,0.663,2,Standard,Plastic crate,0,4.0,5,4.9,7.800000000000001,5.9,64.2,0,3.3,Multi-Axle Trailer,8.2,25000,0.8440949347501414,0,6.0,3.6,2.6,4.8,1,0,1,8.1,5.5,5.6,0,1,7.7,0.086,0,,,,
SHP0000178,2023-01-10,1,1,2,Tuesday,Winter,FY2022-23,Kochi,Indore,Kerala,Madhya Pradesh,South,Central,Kochi-Indore,1544,CAR005,Express Courier,8,0.040211466291927414,0.9392837205133991,Air,6,2,2,12,15.8,Appliances,3,46.1,53495.0,135.7,0.34,1,Standard,Mixed packaging,0,5.0,13,14.2,19.9,1.4,41.8,0,4.4,Heavy Truck,4.1,16000,0.8900176279834332,0,4.0,2.3,5.2,4.9,0,0,1,4.1,3.6,10.0,0,1,6.2,0.125,0,,,,
SHP0000179,2023-01-10,1,1,2,Tuesday,Winter,FY2022-23,Coimbatore,Surat,Tamil Nadu,Gujarat,South,West,Coimbatore-Surat,1528,CAR006,Express Courier,7,0.025833645570890608,0.9707734940104702,Road,6,2,2,12,22.1,Machinery components,1,811.6,84402.0,877.9,0.924,20,Standard,Mixed packaging,1,3.0,13,14.5,17.1,0.6,26.4,0,3.5,Heavy Truck,7.6,16000,1.0863737654181054,1,7.0,3.5,1.2,10.2,0,0,1,7.9,5.7,5.7,0,2,6.3,0.053,0,,,,
SHP0000180,2023-01-10,1,1,2,Tuesday,Winter,FY2022-23,Mumbai,Kochi,Maharashtra,Kerala,West,South,Mumbai-Kochi,2301,CAR010,National Fleet,8,0.03702059718940236,0.9203981035463878,Road,7,2,3,14,18.4,Textiles,1,135.6,34969.0,139.4,0.973,3,Standard,Wooden crate,0,4.0,15,16.7,24.6,0.2,65.5,0,,Medium Truck,9.9,9000,0.7917191374363701,0,4.0,3.7,5.2,17.6,0,0,0,7.5,4.8,4.4,0,1,4.9,0.088,1,449.0,2.0,Breakage,27.0
SHP0000181,2023-01-10,1,1,2,Tuesday,Winter,FY2022-23,Ahmedabad,Nagpur,Gujarat,Maharashtra,West,West,Ahmedabad-Nagpur,239,CAR005,Express Courier,8,0.040391207711351594,1.0,Road,2,0,1,4,5.1,Appliances,3,71.6,88859.0,101.0,0.709,2,High,Corrugated box,0,4.0,8,14.5,16.6,4.5,71.2,0,5.0,Multi-Axle Trailer,1.5,25000,0.8036123749584602,0,11.0,3.3,0.3,6.8,0,0,1,4.4,2.2,4.7,0,2,7.7,0.031,0,,,,
SHP0000182,2023-01-10,1,1,2,Tuesday,Winter,FY2022-23,Mumbai,Nagpur,Maharashtra,Maharashtra,West,West,Mumbai-Nagpur,2003,CAR001,National Fleet,13,0.05351099083142301,0.8727899358478347,Road,7,2,3,14,15.6,Textiles,1,52.9,11792.0,124.0,0.427,1,Standard,Mixed packaging,1,2.0,6,17.4,20.7,3.0,30.0,0,3.6,Heavy Truck,14.4,16000,0.8445117738974619,0,5.0,4.8,3.2,9.0,0,0,0,5.2,4.3,5.6,0,1,3.9,0.092,0,,,,
SHP0000183,2023-01-10,1,1,2,Tuesday,Winter,FY2022-23,Lucknow,Hyderabad,Uttar Pradesh,Telangana,North,South,Lucknow-Hyderabad,1710,CAR001,National Fleet,16,0.050419252825943554,0.9614803119126052,Multimodal,10,4,4,20,39.5,Pharmaceuticals,3,112.7,542345.0,82.7,1.363,3,High,Foam protected,1,3.0,54,20.3,23.0,11.9,32.1,0,2.1,Medium Truck,9.3,9000,0.8565012662304938,0,6.0,4.2,3.7,13.3,1,0,1,6.7,4.3,2.1,0,1,7.6,0.095,0,,,,
SHP0000184,2023-01-10,1,1,2,Tuesday,Winter,FY2022-23,Surat,Chennai,Gujarat,Tamil Nadu,West,South,Surat-Chennai,404,CAR001,National Fleet,14,0.04076441976819299,0.9546102270588541,Road,3,1,1,6,4.9,Appliances,3,363.4,336109.0,117.8,3.085,30,Standard,Plastic crate,1,3.0,67,28.2,33.5,5.2,73.2,0,3.2,Medium Truck,11.6,9000,0.7156186701378646,0,11.0,4.3,1.9,1.6,0,0,1,10.0,3.2,7.2,0,2,9.1,0.087,0,,,,
SHP0000185,2023-01-10,1,1,2,Tuesday,Winter,FY2022-23,Pune,Hyderabad,Maharashtra,Telangana,West,South,Pune-Hyderabad,1612,CAR003,Regional 3PL,8,0.09301503915648912,0.8657319081130832,Road,7,2,3,14,10.8,Consumer electronics,4,170.6,594461.0,136.3,1.252,4,Standard,Foam protected,1,4.0,27,13.9,21.3,1.1,38.9,0,3.6,Heavy Truck,2.6,16000,1.0896519047450433,1,11.0,5.0,1.9,5.1,0,0,1,9.9,6.1,5.5,0,1,9.1,0.087,0,,,,
SHP0000186,2023-01-10,1,1,2,Tuesday,Winter,FY2022-23,Pune,Ahmedabad,Maharashtra,Gujarat,West,West,Pune-Ahmedabad,1998,CAR007,Rail Freight Corp,31,0.0953679526076475,0.8873594069533711,Rail,7,2,3,14,12.3,Automotive parts,2,1087.0,362827.0,422.9,2.57,31,High,Wooden crate,0,4.0,5,17.6,24.900000000000002,4.7,64.1,0,2.6,Multi-Axle Trailer,11.0,25000,0.7185763464576971,0,7.0,4.3,5.9,4.5,0,0,1,5.8,3.7,6.1,0,1,9.6,0.04,0,,,,
SHP0000187,2023-01-10,1,1,2,Tuesday,Winter,FY2022-23,Coimbatore,Lucknow,Tamil Nadu,Uttar Pradesh,South,North,Coimbatore-Lucknow,677,CAR008,National Fleet,18,0.05981885246903933,0.9187282113250927,Road,4,1,1,8,9.9,Pharmaceuticals,3,28.6,206800.0,99.3,0.288,1,Urgent,Foam protected,0,3.0,25,11.6,13.7,3.8,25.2,0,4.2,Medium Truck,2.9,9000,0.5880544432712602,0,10.0,2.5,4.3,5.4,1,0,1,6.1,4.9,7.7,0,1,8.2,0.056,0,,,,
SHP0000188,2023-01-10,1,1,2,Tuesday,Winter,FY2022-23,Ahmedabad,Surat,Gujarat,Gujarat,West,West,Ahmedabad-Surat,230,CAR005,Express Courier,10,0.0185849630620938,1.0,Road,3,1,1,6,10.6,Machinery components,1,727.8,145538.0,669.0,1.088,63,Standard,Mixed packaging,1,5.0,3,17.9,23.599999999999998,1.5,73.2,0,4.5,Heavy Truck,0.2,16000,0.721406364802663,0,9.0,5.0,1.3,6.6,0,0,0,5.9,3.4,7.2,0,1,3.0,0.039,0,,,,
SHP0000189,2023-01-10,1,1,2,Tuesday,Winter,FY2022-23,Nagpur,Delhi NCR,Maharashtra,Delhi,West,North,Nagpur-Delhi NCR,1802,CAR004,Regional 3PL,6,0.09248963598265415,0.8428346332315214,Multimodal,9,3,4,18,30.7,Textiles,1,78.1,43970.0,140.9,0.554,1,Standard,Plastic crate,1,5.0,15,21.3,23.900000000000002,0.4,51.7,0,4.5,Light Commercial Vehicle,8.8,3000,0.7564109467219908,0,9.0,3.9,0.1,14.7,0,0,1,9.4,4.1,1.5,0,1,9.2,0.092,0,,,,
SHP0000190,2023-01-10,1,1,2,Tuesday,Winter,FY2022-23,Indore,Kochi,Madhya Pradesh,Kerala,Central,South,Indore-Kochi,1545,CAR008,National Fleet,20,0.07387649257154597,0.9373471473572474,Road,7,2,3,14,19.2,Appliances,3,110.7,114115.0,122.2,0.906,6,Standard,Corrugated box,1,5.0,8,26.0,31.0,1.5,57.3,0,3.0,Medium Truck,0.3,9000,1.0048680971280408,1,8.0,3.8,0.5,7.4,0,0,0,7.0,6.5,7.2,0,1,3.6,0.078,1,43206.0,4.0,Missing component,31.0
SHP0000191,2023-01-10,1,1,2,Tuesday,Winter,FY2022-23,Mumbai,Delhi NCR,Maharashtra,Delhi,West,North,Mumbai-Delhi NCR,760,CAR001,National Fleet,13,0.04767150916814249,0.9580694754234866,Road,5,2,1,10,18.6,Appliances,3,90.9,31067.0,107.5,0.846,1,Urgent,Foam protected,1,4.0,1,18.0,22.7,2.2,80.4,0,1.8,Light Commercial Vehicle,5.6,3000,0.6728648091537698,0,9.0,4.3,0.7,4.9,0,0,0,6.2,5.1,3.2,0,1,9.6,0.103,0,,,,
SHP0000192,2023-01-10,1,1,2,Tuesday,Winter,FY2022-23,Indore,Chennai,Madhya Pradesh,Tamil Nadu,Central,South,Indore-Chennai,1010,CAR003,Regional 3PL,9,0.08302077432935612,0.8785847665415588,Road,4,1,1,8,14.7,Appliances,3,64.5,59008.0,124.3,0.519,1,Standard,Metal frame,0,4.0,20,27.8,30.7,3.0,64.9,0,2.5,Medium Truck,6.2,9000,0.9578615732365205,0,3.0,4.6,10.3,16.8,0,0,0,9.1,3.1,4.6,0,1,2.5,0.102,0,,,,
SHP0000193,2023-01-10,1,1,2,Tuesday,Winter,FY2022-23,Bengaluru,Ahmedabad,Karnataka,Gujarat,South,West,Bengaluru-Ahmedabad,1725,CAR001,National Fleet,17,0.061305129212013004,0.9065835062895646,Road,8,3,3,16,13.3,Automotive parts,2,587.3,248164.0,368.9,1.592,12,High,Metal frame,1,4.0,3,26.7,28.8,0.3,63.2,0,3.6,Heavy Truck,6.8,16000,0.9541599989118104,0,8.0,3.7,2.1,7.4,0,0,1,8.4,2.8,5.5,0,1,1.4,0.063,0,,,,
SHP0000194,2023-01-10,1,1,2,Tuesday,Winter,FY2022-23,Nagpur,Mumbai,Maharashtra,Maharashtra,West,West,Nagpur-Mumbai,964,CAR010,National Fleet,9,0.05229923641547754,0.9407803332690284,Road,5,2,1,10,9.9,Appliances,3,137.2,91173.0,133.4,1.028,6,High,Metal frame,1,4.0,76,19.1,26.900000000000002,5.2,27.3,0,2.9,Heavy Truck,7.9,16000,1.007893114029351,1,8.0,3.7,3.1,8.1,0,0,0,6.3,5.5,5.2,0,1,7.3,0.077,1,7561.0,1.0,Crushing,23.0
SHP0000195,2023-01-10,1,1,2,Tuesday,Winter,FY2022-23,Jaipur,Chennai,Rajasthan,Tamil Nadu,North,South,Jaipur-Chennai,2095,CAR001,National Fleet,13,0.039157225931411584,0.9620915256423256,Road,7,2,3,14,16.1,Consumer electronics,4,57.3,186038.0,143.7,0.399,1,Standard,Bubble wrap,0,5.0,13,13.2,20.5,2.2,51.7,0,5.0,Medium Truck,3.0,9000,1.0651787728327922,1,6.0,3.8,0.8,9.7,0,0,0,5.4,4.2,7.7,0,1,5.8,0.066,1,2861.0,2.0,Crushing,14.0
SHP0000196,2023-01-10,1,1,2,Tuesday,Winter,FY2022-23,Delhi NCR,Kochi,Delhi,Kerala,North,South,Delhi NCR-Kochi,614,CAR010,National Fleet,10,0.04265541902721275,0.9332961470705978,Road,6,2,2,12,21.3,Glass products,5,99.9,100151.0,287.8,0.347,2,Standard,Bubble wrap,0,5.0,10,17.8,21.8,1.0,63.7,0,3.2,Heavy Truck,8.5,16000,0.9741973380748316,0,6.0,4.1,3.6,2.2,0,0,0,7.6,5.0,3.0,0,1,9.3,0.059,0,,,,
SHP0000197,2023-01-10,1,1,2,Tuesday,Winter,FY2022-23,Coimbatore,Kochi,Tamil Nadu,Kerala,South,South,Coimbatore-Kochi,1923,CAR007,Rail Freight Corp,30,0.072609610829939,0.9032322997361517,Rail,7,2,3,14,17.8,Automotive parts,2,825.3,240527.0,422.5,1.953,17,High,Metal frame,1,3.0,14,20.8,23.6,0.0,50.4,0,3.7,Light Commercial Vehicle,4.1,3000,0.7305800145865297,0,6.0,5.0,0.5,4.4,0,0,1,8.3,5.3,6.4,0,1,8.9,0.086,0,,,,
SHP0000198,2023-01-10,1,1,2,Tuesday,Winter,FY2022-23,Hyderabad,Coimbatore,Telangana,Tamil Nadu,South,South,Hyderabad-Coimbatore,1978,CAR004,Regional 3PL,3,0.102592104072748,0.78717757393787,Multimodal,10,4,4,20,26.1,Machinery components,1,1249.9,298091.0,669.3,1.867,29,Standard,Mixed packaging,0,4.0,12,18.1,24.3,0.3,52.1,0,4.5,Medium Truck,3.2,9000,0.7875866752330719,0,8.0,,3.0,10.9,0,0,1,6.0,6.0,3.7,0,1,2.6,0.066,0,,,,
SHP0000199,2023-01-10,1,1,2,Tuesday,Winter,FY2022-23,Bengaluru,Pune,Karnataka,Maharashtra,South,West,Bengaluru-Pune,2271,CAR003,Regional 3PL,8,0.10117799082945927,0.8021752819418496,Road,6,2,2,12,11.7,Textiles,1,200.1,43016.0,172.2,1.162,15,High,Plastic crate,1,4.0,9,18.4,23.7,0.9,54.3,0,1.5,Light Commercial Vehicle,12.2,3000,0.6982276352639102,0,9.0,3.7,6.1,5.1,0,0,1,9.1,4.5,7.0,0,1,5.8,0.085,0,,,,
SHP0000200,2023-01-10,1,1,2,Tuesday,Winter,FY2022-23,Nagpur,Pune,Maharashtra,Maharashtra,West,West,Nagpur-Pune,1612,CAR005,Express Courier,10,0.03292421546619127,1.0,Air,7,2,3,14,14.6,Furniture,3,317.8,47214.0,80.9,3.928,26,Urgent,Foam protected,0,3.0,5,13.3,17.6,0.0,70.8,0,2.8,Light Commercial Vehicle,2.4,3000,0.7008989305474839,0,13.0,5.0,4.4,4.5,0,0,1,6.9,4.3,5.9,0,1,1.4,0.069,0,,,,
SHP0000201,2023-01-10,1,1,2,Tuesday,Winter,FY2022-23,Nagpur,Mumbai,Maharashtra,Maharashtra,West,West,Nagpur-Mumbai,983,CAR006,Express Courier,9,0.04471541559137732,0.961783716886015,Road,5,2,1,10,9.2,Consumer electronics,4,48.8,310034.0,136.4,0.358,2,Standard,Foam protected,0,,36,11.0,14.8,2.4,39.5,0,2.9,Multi-Axle Trailer,6.3,25000,0.7655829633325189,0,10.0,4.2,4.2,9.8,0,0,1,9.2,5.7,7.0,0,2,4.4,0.072,0,,,,
SHP0000202,2023-01-11,1,1,2,Wednesday,Winter,FY2022-23,Surat,Ahmedabad,Gujarat,Gujarat,West,West,Surat-Ahmedabad,1411,CAR004,Regional 3PL,4,0.11261569291394274,0.7589455511936068,Road,6,2,2,12,13.0,Industrial equipment,2,612.6,463932.0,535.2,1.145,17,Urgent,Wooden crate,1,4.0,14,12.7,16.799999999999997,0.9,47.4,0,3.2,Multi-Axle Trailer,6.8,25000,0.936712437246236,0,8.0,4.4,4.0,5.7,0,0,1,6.5,3.5,6.0,0,1,2.0,0.071,0,,,,
SHP0000203,2023-01-11,1,1,2,Wednesday,Winter,FY2022-23,Hyderabad,Coimbatore,Telangana,Tamil Nadu,South,South,Hyderabad-Coimbatore,1991,CAR010,National Fleet,10,0.056823892215592364,0.9416243370633116,Road,6,2,2,12,13.7,FMCG,2,249.8,56803.0,279.5,0.894,6,Standard,Metal frame,0,4.0,8,19.8,26.5,0.5,48.7,0,3.9,Light Commercial Vehicle,9.8,3000,0.7161555941221688,0,11.0,4.2,0.3,20.3,0,0,0,10.0,4.2,6.0,0,1,3.8,0.068,0,,,,
SHP0000204,2023-01-11,1,1,2,Wednesday,Winter,FY2022-23,Ahmedabad,Hyderabad,Gujarat,Telangana,West,South,Ahmedabad-Hyderabad,1346,CAR001,National Fleet,14,0.061328286657455267,0.949872727541364,Road,6,2,2,12,19.7,Glass products,5,263.3,153393.0,225.9,1.166,7,Standard,Foam protected,1,3.0,7,26.5,31.4,0.1,78.3,0,1.9,Medium Truck,6.0,9000,1.0086408433586416,1,10.0,3.4,2.1,4.6,0,0,0,7.0,4.1,4.7,0,1,4.4,0.077,0,,,,
SHP0000205,2023-01-11,1,1,2,Wednesday,Winter,FY2022-23,Mumbai,Pune,Maharashtra,Maharashtra,West,West,Mumbai-Pune,1539,CAR001,National Fleet,17,0.05181453404454887,0.9399423581443513,Multimodal,9,3,4,18,14.2,Textiles,1,121.9,53877.0,154.5,0.789,4,Standard,Mixed packaging,0,5.0,13,19.2,21.7,0.5,76.6,0,2.9,Heavy Truck,4.3,16000,0.9753678042348642,0,10.0,5.0,0.8,25.2,0,0,0,7.5,3.4,6.6,0,1,4.6,0.104,0,,,,
SHP0000206,2023-01-11,1,1,2,Wednesday,Winter,FY2022-23,Bengaluru,Mumbai,Karnataka,Maharashtra,South,West,Bengaluru-Mumbai,2015,CAR008,National Fleet,22,0.07654297931233386,0.8950705151278597,Multimodal,9,3,4,18,33.9,Glass products,5,58.3,26571.0,260.0,0.224,1,Standard,Foam protected,0,5.0,0,17.4,22.9,0.3,52.0,0,4.5,Heavy Truck,1.1,16000,1.25,1,7.0,5.0,5.8,5.8,0,0,0,9.5,5.0,4.1,0,1,6.2,0.051,1,259.0,1.0,Crushing,3.0
SHP0000207,2023-01-11,1,1,2,Wednesday,Winter,FY2022-23,Indore,Ahmedabad,Madhya Pradesh,Gujarat,Central,West,Indore-Ahmedabad,292,CAR005,Express Courier,11,0.02006853013409004,0.9520246913052515,Road,2,0,1,4,5.0,Industrial equipment,2,852.6,435844.0,559.6,1.524,40,Standard,Mixed packaging,1,4.0,32,32.8,40.4,0.2,48.1,0,4.9,Light Commercial Vehicle,3.6,3000,0.6027901513888008,0,3.0,4.5,7.8,10.2,0,0,1,8.0,3.1,5.3,0,1,3.2,0.048,0,,,,
SHP0000208,2023-01-11,1,1,2,Wednesday,Winter,FY2022-23,Surat,Chennai,Gujarat,Tamil Nadu,West,South,Surat-Chennai,375,CAR004,Regional 3PL,5,0.14120448589956697,0.7867582806601114,Road,2,0,1,4,5.9,Machinery components,1,1111.0,264432.0,705.4,1.575,78,Standard,Metal frame,1,2.0,6,15.1,18.6,3.8,68.3,0,4.2,Medium Truck,4.5,9000,1.023415726712285,1,7.0,3.1,1.8,2.5,0,0,1,9.2,2.6,5.8,0,1,4.0,0.116,0,,,,
SHP0000209,2023-01-11,1,1,2,Wednesday,Winter,FY2022-23,Pune,Bengaluru,Maharashtra,Karnataka,West,South,Pune-Bengaluru,2256,CAR008,National Fleet,20,0.0766379335471087,0.8769281334163452,Road,8,3,3,16,20.8,Industrial equipment,2,502.2,335981.0,531.6,0.945,16,Standard,Metal frame,1,3.0,57,12.7,14.899999999999999,0.0,41.2,0,4.1,Light Commercial Vehicle,2.1,3000,0.8239275405407974,0,6.0,3.9,0.8,7.7,0,0,1,10.0,3.7,3.7,0,1,3.1,0.091,0,,,,
SHP0000210,2023-01-11,1,1,2,Wednesday,Winter,FY2022-23,Ahmedabad,Nagpur,Gujarat,Maharashtra,West,West,Ahmedabad-Nagpur,264,CAR010,National Fleet,7,0.066805905706502,0.9691943891165962,Road,3,1,1,6,8.8,Appliances,3,145.9,166439.0,129.7,1.125,5,Standard,Plastic crate,0,5.0,22,15.3,17.400000000000002,3.3,58.7,0,3.3,Medium Truck,2.7,9000,0.934654963368448,0,9.0,2.6,0.5,18.0,0,0,0,7.0,2.8,1.1,0,1,3.7,0.048,0,,,,
SHP0000211,2023-01-11,1,1,2,Wednesday,Winter,FY2022-23,Lucknow,Indore,Uttar Pradesh,Madhya Pradesh,North,Central,Lucknow-Indore,2091,CAR005,Express Courier,10,0.035904291119912196,0.9605704320563678,Air,6,2,2,12,14.5,Glass products,5,216.1,94434.0,268.9,0.804,17,Standard,Foam protected,1,4.0,15,14.8,18.0,2.4,80.6,0,5.0,Light Commercial Vehicle,12.0,3000,0.9738247468025771,0,12.0,3.9,0.2,4.4,0,0,0,8.5,6.0,4.9,1,2,7.2,0.112,0,,,,
SHP0000212,2023-01-11,1,1,2,Wednesday,Winter,FY2022-23,Bengaluru,Surat,Karnataka,Gujarat,South,West,Bengaluru-Surat,1030,CAR005,Express Courier,10,0.026948904901606133,1.0,Road,6,2,2,12,12.6,Industrial equipment,2,556.1,636623.0,628.3,0.885,12,Standard,Mixed packaging,0,5.0,1,10.7,15.899999999999999,0.4,55.2,0,1.9,Light Commercial Vehicle,1.4,3000,0.6618183540304867,0,8.0,3.7,3.3,6.0,0,0,1,7.0,4.7,4.3,0,1,2.2,0.093,0,,,,
SHP0000213,2023-01-11,1,1,2,Wednesday,Winter,FY2022-23,Chennai,Kochi,Tamil Nadu,Kerala,South,South,Chennai-Kochi,384,CAR001,National Fleet,13,0.04661713016784467,0.9397353305274154,Road,4,1,1,8,11.5,Consumer electronics,4,94.0,458179.0,166.1,0.566,1,High,Foam protected,0,3.0,8,22.9,26.799999999999997,1.9,38.4,0,2.6,Medium Truck,12.0,9000,0.8413858015640651,0,7.0,3.0,2.2,2.1,0,0,1,8.7,3.5,5.3,0,1,4.9,0.086,1,5281.0,1.0,Packaging failure,34.0
SHP0000214,2023-01-11,1,1,2,Wednesday,Winter,FY2022-23,Pune,Chennai,Maharashtra,Tamil Nadu,West,South,Pune-Chennai,904,CAR004,Regional 3PL,4,0.11638389311802023,0.7966998507354794,Road,6,2,2,12,21.6,Furniture,3,159.7,72828.0,60.9,2.622,5,Standard,Foam protected,1,3.0,3,23.2,27.7,1.6,64.4,0,3.7,Medium Truck,9.4,9000,0.9136794352451179,0,7.0,4.4,1.2,2.2,0,0,1,10.0,5.5,5.8,0,1,3.3,0.098,0,,,,
SHP0000215,2023-01-11,1,1,2,Wednesday,Winter,FY2022-23,Hyderabad,Jaipur,Telangana,Rajasthan,South,North,Hyderabad-Jaipur,819,CAR001,National Fleet,17,0.049685877748603016,0.9282002496864799,Road,4,1,1,8,9.8,Appliances,3,140.9,95298.0,117.0,1.204,5,High,Bubble wrap,0,5.0,11,15.8,21.700000000000003,0.6,68.3,0,3.1,Light Commercial Vehicle,10.5,3000,1.020193242780408,1,6.0,4.3,2.4,5.6,0,0,1,7.4,4.7,6.0,0,1,1.9,0.043,0,,,,
SHP0000216,2023-01-11,1,1,2,Wednesday,Winter,FY2022-23,Indore,Hyderabad,Madhya Pradesh,Telangana,Central,South,Indore-Hyderabad,2034,CAR004,Regional 3PL,7,0.1226734709838756,0.781638237868664,Road,6,2,2,12,13.6,FMCG,2,327.3,42916.0,228.7,1.431,7,Urgent,Metal frame,1,3.0,5,20.3,22.8,0.2,58.2,0,4.6,Heavy Truck,0.8,16000,0.7063859441280697,0,4.0,4.5,1.4,30.6,0,0,1,7.7,6.7,5.0,0,1,3.3,0.04,0,,,,
SHP0000217,2023-01-11,1,1,2,Wednesday,Winter,FY2022-23,Jaipur,Nagpur,Rajasthan,Maharashtra,North,West,Jaipur-Nagpur,844,CAR010,National Fleet,9,0.05593092883270477,0.9476618603364416,Road,4,1,1,8,8.2,Machinery components,1,1071.6,304183.0,887.5,1.207,77,Standard,Mixed packaging,1,3.0,2,19.5,25.0,0.1,30.1,0,4.7,Light Commercial Vehicle,1.2,3000,1.0033596057277383,1,10.0,4.3,3.8,8.8,0,0,1,6.7,3.2,3.0,0,1,2.5,0.078,0,,,,
SHP0000218,2023-01-11,1,1,2,Wednesday,Winter,FY2022-23,Surat,Hyderabad,Gujarat,Telangana,West,South,Surat-Hyderabad,1750,CAR008,National Fleet,18,0.07080723034505272,0.8897052229673468,Road,7,2,3,14,14.6,Consumer electronics,4,15.0,23510.0,140.9,0.106,1,Standard,Corrugated box,1,5.0,4,17.8,24.5,0.4,31.3,0,4.9,Medium Truck,7.2,9000,0.6739205387683407,0,8.0,3.8,10.9,7.7,0,0,0,8.3,3.7,4.5,0,1,1.4,0.077,0,,,,
SHP0000219,2023-01-11,1,1,2,Wednesday,Winter,FY2022-23,Nagpur,Kolkata,Maharashtra,West Bengal,West,East,Nagpur-Kolkata,1824,CAR007,Rail Freight Corp,30,0.0641395942250434,0.9173675447705499,Rail,7,2,3,14,24.4,Furniture,3,379.4,132362.0,96.9,3.915,13,High,Shrink wrap,0,5.0,7,24.5,27.5,2.0,61.9,0,3.2,Light Commercial Vehicle,10.5,3000,0.9719279014418005,0,6.0,3.4,2.7,4.9,0,0,0,7.9,4.9,8.2,0,1,3.7,0.094,0,,,,
SHP0000220,2023-01-11,1,1,2,Wednesday,Winter,FY2022-23,Mumbai,Kochi,Maharashtra,Kerala,West,South,Mumbai-Kochi,2296,CAR008,National Fleet,21,0.05585772152506964,0.919836174888405,Road,6,2,2,12,22.3,FMCG,2,197.8,42275.0,248.3,0.797,6,Standard,Shrink wrap,1,4.0,0,26.4,29.599999999999998,0.4,40.4,0,4.6,Light Commercial Vehicle,2.4,3000,0.7293176313443925,0,6.0,2.8,4.1,6.8,0,0,0,7.2,3.8,2.9,0,1,3.6,0.085,0,,,,
SHP0000221,2023-01-11,1,1,2,Wednesday,Winter,FY2022-23,Kochi,Ahmedabad,Kerala,Gujarat,South,West,Kochi-Ahmedabad,1707,CAR008,National Fleet,18,0.07101018044331069,0.9528472128046186,Road,6,2,2,12,16.8,Furniture,3,151.2,42963.0,83.8,1.804,4,Standard,Mixed packaging,1,3.0,14,13.2,17.7,0.1,57.4,0,4.6,Heavy Truck,3.7,16000,0.9907171228078023,0,9.0,4.7,3.0,9.0,0,0,0,7.3,2.9,3.5,0,1,3.9,0.096,0,,,,
SHP0000222,2023-01-11,1,1,2,Wednesday,Winter,FY2022-23,Surat,Bengaluru,Gujarat,Karnataka,West,South,Surat-Bengaluru,683,CAR001,National Fleet,14,0.04316709905943876,0.9034855921352831,Road,6,2,2,12,11.2,Glass products,5,294.4,174159.0,227.8,1.292,11,Standard,Bubble wrap,0,4.0,53,22.0,25.5,0.0,41.1,0,2.4,Medium Truck,4.0,9000,0.9010229013055273,0,7.0,4.0,2.1,5.7,0,0,0,6.9,3.2,5.7,0,1,9.2,0.107,0,,,,
SHP0000223,2023-01-11,1,1,2,Wednesday,Winter,FY2022-23,Hyderabad,Surat,Telangana,Gujarat,South,West,Hyderabad-Surat,1736,CAR009,Regional 3PL,2,0.16933955017193827,0.7847395936958638,Road,8,3,3,16,14.1,FMCG,2,140.3,20117.0,227.4,0.617,6,High,Foam protected,0,4.0,29,16.4,19.9,2.0,43.2,0,3.7,Light Commercial Vehicle,4.9,3000,0.8351617346845946,0,6.0,4.7,2.9,6.2,0,0,0,7.3,4.5,3.3,0,1,4.0,0.106,0,,,,
SHP0000224,2023-01-11,1,1,2,Wednesday,Winter,FY2022-23,Indore,Kochi,Madhya Pradesh,Kerala,Central,South,Indore-Kochi,1537,CAR008,National Fleet,20,0.07896820490390363,0.9665701533804675,Road,6,2,2,12,22.0,Machinery components,1,824.8,163690.0,809.8,1.019,25,Standard,Wooden crate,1,4.0,5,13.5,20.7,0.3,54.8,0,3.2,Light Commercial Vehicle,8.2,3000,1.1841373115548315,1,4.0,2.6,5.6,22.1,0,0,1,8.0,2.7,4.7,0,2,3.3,0.072,1,2273.0,1.0,Scratching,75.0
SHP0000225,2023-01-12,1,1,2,Thursday,Winter,FY2022-23,Mumbai,Indore,Maharashtra,Madhya Pradesh,West,Central,Mumbai-Indore,2035,CAR006,Express Courier,5,0.04236634530289769,0.9330241650971776,Air,7,2,3,14,11.5,FMCG,2,335.8,65570.0,226.3,1.484,16,High,Shrink wrap,1,5.0,7,23.4,29.9,0.8,51.2,0,4.1,Heavy Truck,6.3,16000,1.1276935181475627,1,9.0,4.3,8.0,12.3,0,0,1,7.3,4.0,6.6,0,1,5.4,0.084,0,,,,
SHP0000226,2023-01-12,1,1,2,Thursday,Winter,FY2022-23,Kolkata,Nagpur,West Bengal,Maharashtra,East,West,Kolkata-Nagpur,500,CAR004,Regional 3PL,6,0.10932360051051576,0.7893649639013705,Road,6,2,2,12,20.7,Industrial equipment,2,2059.4,1530747.0,719.0,2.864,49,Standard,Metal frame,1,4.0,14,23.5,26.9,0.5,48.4,0,2.4,Medium Truck,8.6,9000,0.7742589435621601,0,6.0,4.7,4.5,2.7,0,0,1,6.8,2.9,4.7,0,1,6.0,0.073,0,,,,
SHP0000227,2023-01-12,1,1,2,Thursday,Winter,FY2022-23,Ahmedabad,Indore,Gujarat,Madhya Pradesh,West,Central,Ahmedabad-Indore,800,CAR003,Regional 3PL,10,0.08971281053752529,0.8248420546992725,Road,6,2,2,12,23.0,Machinery components,1,1206.2,692639.0,870.3,1.386,26,Standard,Mixed packaging,1,2.0,39,15.2,17.9,3.9,39.6,0,4.4,Medium Truck,4.3,9000,0.9482100121045168,0,11.0,5.0,10.5,6.6,0,0,1,8.3,2.8,3.7,0,1,1.8,0.07,0,,,,
SHP0000228,2023-01-12,1,1,2,Thursday,Winter,FY2022-23,Hyderabad,Surat,Telangana,Gujarat,South,West,Hyderabad-Surat,1758,CAR002,National Fleet,10,0.05644529162774119,0.945632647217204,Road,7,2,3,14,15.2,Textiles,1,65.0,17259.0,178.5,0.364,1,Standard,Foam protected,1,3.0,6,21.0,26.9,2.7,50.7,0,3.7,Heavy Truck,4.1,16000,1.013297101601534,1,7.0,4.7,6.8,17.2,0,0,0,9.8,2.9,4.8,0,1,1.5,0.091,0,,,,
SHP0000229,2023-01-12,1,1,2,Thursday,Winter,FY2022-23,Pune,Delhi NCR,Maharashtra,Delhi,West,North,Pune-Delhi NCR,2282,CAR003,Regional 3PL,9,0.07564044181881417,0.8341757229254132,Multimodal,9,3,4,18,18.3,Industrial equipment,2,915.3,746759.0,646.7,1.415,42,Urgent,Mixed packaging,1,5.0,2,14.4,19.5,3.3,25.8,0,4.8,Light Commercial Vehicle,4.1,3000,0.7631110222517467,0,13.0,4.9,0.2,17.0,0,0,1,7.1,4.3,4.6,0,1,5.6,0.076,0,,,,
SHP0000230,2023-01-12,1,1,2,Thursday,Winter,FY2022-23,Chennai,Bengaluru,Tamil Nadu,Karnataka,South,South,Chennai-Bengaluru,2491,CAR009,Regional 3PL,3,0.16350981821499747,0.7741400922221942,Road,6,2,2,12,22.8,Appliances,3,102.2,49831.0,106.7,0.958,2,Standard,Mixed packaging,0,3.0,5,11.7,16.7,0.8,36.1,0,5.0,Light Commercial Vehicle,6.9,3000,0.9968115938239102,0,,,0.3,10.2,0,0,0,4.5,7.4,8.2,0,1,5.2,0.093,0,,,,
SHP0000231,2023-01-12,1,1,2,Thursday,Winter,FY2022-23,Jaipur,Indore,Rajasthan,Madhya Pradesh,North,Central,Jaipur-Indore,2088,CAR001,National Fleet,14,0.045999351778815645,0.9428341258761881,Road,6,2,2,12,14.6,Machinery components,1,1945.6,509519.0,795.0,2.447,78,Standard,Wooden crate,0,4.0,61,18.6,20.900000000000002,1.4,40.1,0,5.0,Heavy Truck,8.2,16000,0.7648054105512886,0,8.0,3.4,4.9,4.6,0,0,1,8.4,4.7,6.5,0,1,5.4,0.067,0,,,,
SHP0000232,2023-01-12,1,1,2,Thursday,Winter,FY2022-23,Coimbatore,Mumbai,Tamil Nadu,Maharashtra,South,West,Coimbatore-Mumbai,1406,CAR007,Rail Freight Corp,32,0.08358380130797516,0.8622996468824027,Rail,7,2,3,14,15.7,Textiles,1,257.9,142320.0,162.5,1.587,6,Standard,Bubble wrap,1,4.0,14,10.4,12.4,11.4,67.1,0,4.2,Medium Truck,2.4,9000,0.7369428768045649,0,4.0,4.9,2.1,10.9,0,0,0,6.3,5.4,6.6,0,1,1.3,0.089,0,,,,
SHP0000233,2023-01-12,1,1,2,Thursday,Winter,FY2022-23,Bengaluru,Mumbai,Karnataka,Maharashtra,South,West,Bengaluru-Mumbai,1977,CAR001,National Fleet,14,0.04139618182526229,0.984049859475236,Road,9,3,4,18,17.3,Pharmaceuticals,3,24.7,116453.0,82.8,0.298,1,Standard,Plastic crate,1,2.0,16,10.4,14.3,1.8,32.8,0,3.1,Medium Truck,12.0,9000,0.8350585252867507,0,10.0,5.0,0.5,5.4,1,1,1,8.1,5.4,7.2,0,2,6.3,0.046,0,,,,
SHP0000234,2023-01-12,1,1,2,Thursday,Winter,FY2022-23,Delhi NCR,Kolkata,Delhi,West Bengal,North,East,Delhi NCR-Kolkata,1170,CAR001,National Fleet,16,0.057109604148960505,0.9591044132343381,Road,5,2,1,10,10.2,Furniture,3,139.6,27149.0,81.2,1.719,2,High,Shrink wrap,0,3.0,0,20.2,24.0,8.4,79.2,0,4.2,Heavy Truck,5.1,16000,0.6238869389352746,0,7.0,4.2,5.4,6.1,0,0,1,6.3,6.1,5.9,0,2,4.7,0.079,0,,,,
SHP0000235,2023-01-12,1,1,2,Thursday,Winter,FY2022-23,Ahmedabad,Surat,Gujarat,Gujarat,West,West,Ahmedabad-Surat,221,CAR002,National Fleet,14,0.057472752874282065,0.8933941245893371,Road,4,1,1,8,13.6,Pharmaceuticals,3,12.9,94760.0,92.6,0.139,1,Urgent,Shrink wrap,1,2.0,29,22.0,26.8,0.2,26.4,0,3.2,Medium Truck,3.5,9000,0.6739899930843847,0,5.0,4.4,1.6,4.8,1,0,0,7.2,4.4,4.2,0,1,3.1,0.049,0,,,,
SHP0000236,2023-01-12,1,1,2,Thursday,Winter,FY2022-23,Surat,Kolkata,Gujarat,West Bengal,West,East,Surat-Kolkata,411,CAR006,Express Courier,8,0.03636079338170824,0.9525936498942071,Road,4,1,1,8,7.5,Textiles,1,333.9,84822.0,163.8,2.038,6,High,Foam protected,0,4.0,7,15.3,21.6,0.7,63.9,0,,Light Commercial Vehicle,4.3,3000,1.0086429506202752,1,8.0,3.5,6.8,8.2,0,0,0,8.3,4.0,4.6,0,2,5.1,0.099,0,,,,
SHP0000237,2023-01-12,1,1,2,Thursday,Winter,FY2022-23,Delhi NCR,Nagpur,Delhi,Maharashtra,North,West,Delhi NCR-Nagpur,2081,CAR009,Regional 3PL,2,0.14280026649305802,0.7483938708121833,Multimodal,9,3,4,18,18.3,Appliances,3,69.2,64353.0,145.4,0.476,4,Standard,Corrugated box,1,3.0,12,24.5,31.4,1.7,64.0,0,3.7,Heavy Truck,8.7,16000,0.8062731462816207,0,13.0,4.0,1.6,19.5,0,0,0,8.4,3.4,4.2,0,2,8.6,0.088,0,,,,
SHP0000238,2023-01-12,1,1,2,Thursday,Winter,FY2022-23,Surat,Kolkata,Gujarat,West Bengal,West,East,Surat-Kolkata,393,CAR001,National Fleet,13,0.04800473006749082,0.9267939420597959,Road,3,1,1,6,9.7,Industrial equipment,2,2016.2,1074421.0,577.3,3.492,110,Standard,Metal frame,1,2.0,16,22.8,26.8,0.4,33.9,0,3.6,Medium Truck,5.2,9000,0.895783082636962,0,8.0,3.8,1.3,1.1,0,0,1,6.4,1.4,3.6,0,1,2.1,0.088,0,,,,
SHP0000239,2023-01-12,1,1,2,Thursday,Winter,FY2022-23,Pune,Indore,Maharashtra,Madhya Pradesh,West,Central,Pune-Indore,729,CAR002,National Fleet,11,0.0521489137122824,0.9293987861733308,Road,5,2,1,10,16.3,FMCG,2,501.3,44629.0,260.3,1.926,12,Standard,Mixed packaging,1,5.0,6,19.4,22.0,,69.9,0,3.8,Heavy Truck,14.6,16000,1.0581448085091836,1,13.0,,2.0,8.8,0,0,1,7.2,2.4,8.8,0,1,8.7,0.091,0,,,,
SHP0000240,2023-01-12,1,1,2,Thursday,Winter,FY2022-23,Indore,Surat,Madhya Pradesh,Gujarat,Central,West,Indore-Surat,2208,CAR006,Express Courier,7,0.04126994734128341,1.0,Road,7,2,3,14,16.1,FMCG,2,380.1,17000.0,242.4,1.568,10,Standard,Metal frame,1,4.0,14,11.2,16.9,1.0,61.0,0,2.9,Light Commercial Vehicle,8.2,3000,0.958786395747955,0,3.0,3.0,2.0,4.9,0,0,0,10.0,4.9,5.5,0,2,2.6,0.075,0,,,,
SHP0000241,2023-01-12,1,1,2,Thursday,Winter,FY2022-23,Kolkata,Coimbatore,West Bengal,Tamil Nadu,East,South,Kolkata-Coimbatore,1061,CAR004,Regional 3PL,5,0.12533710528858852,0.8049950837737381,Road,6,2,2,12,12.9,Appliances,3,482.4,360016.0,106.5,4.53,10,High,Bubble wrap,0,4.0,10,22.8,29.200000000000003,0.5,44.0,0,2.6,Medium Truck,6.6,9000,0.8820019140335134,0,9.0,3.7,1.8,2.5,0,0,1,9.4,3.0,4.2,0,1,6.0,0.071,0,,,,
SHP0000242,2023-01-12,1,1,2,Thursday,Winter,FY2022-23,Bengaluru,Delhi NCR,Karnataka,Delhi,South,North,Bengaluru-Delhi NCR,738,CAR006,Express Courier,8,0.04320008079251711,0.9362136949236548,Road,6,2,2,12,11.4,FMCG,2,431.1,24239.0,263.9,1.634,13,Urgent,Wooden crate,1,3.0,2,16.1,23.700000000000003,0.1,16.5,0,3.0,Light Commercial Vehicle,4.5,3000,1.1021168842048277,1,5.0,4.8,1.5,4.1,0,0,1,7.0,2.7,3.4,0,1,7.9,0.095,0,,,,
SHP0000243,2023-01-12,1,1,2,Thursday,Winter,FY2022-23,Bengaluru,Surat,Karnataka,Gujarat,South,West,Bengaluru-Surat,1044,CAR002,National Fleet,12,0.048396986314951984,0.8789692389773442,Road,4,1,1,8,13.1,Consumer electronics,4,46.3,447032.0,122.3,0.379,1,Standard,Foam protected,0,4.0,20,23.4,30.2,0.3,65.9,0,4.8,Heavy Truck,1.2,16000,0.6568614054256833,0,5.0,4.2,7.0,7.8,0,0,1,6.0,4.4,6.5,0,1,1.3,0.139,0,,,,
SHP0000244,2023-01-12,1,1,2,Thursday,Winter,FY2022-23,Bengaluru,Indore,Karnataka,Madhya Pradesh,South,Central,Bengaluru-Indore,1309,CAR004,Regional 3PL,3,0.11155318767522908,0.7788034508427037,Road,7,2,3,14,23.3,Pharmaceuticals,3,51.6,366155.0,95.8,0.539,2,Standard,Shrink wrap,0,5.0,2,22.4,27.2,0.5,83.5,0,4.5,Light Commercial Vehicle,15.8,3000,0.8984527669824978,0,4.0,4.3,1.6,4.4,1,0,1,9.0,3.4,1.0,0,1,8.2,0.081,0,,,,
SHP0000245,2023-01-12,1,1,2,Thursday,Winter,FY2022-23,Mumbai,Hyderabad,Maharashtra,Telangana,West,South,Mumbai-Hyderabad,325,CAR003,Regional 3PL,6,0.0948136998959875,0.8585132980855109,Road,4,1,1,8,10.4,Automotive parts,2,414.2,98883.0,456.6,0.907,10,Standard,Wooden crate,0,3.0,5,15.4,19.8,4.4,62.9,0,3.1,Heavy Truck,5.7,16000,0.793146142698641,0,7.0,4.1,1.4,1.1,0,0,0,5.7,3.5,2.1,0,1,5.0,0.092,0,,,,
SHP0000246,2023-01-12,1,1,2,Thursday,Winter,FY2022-23,Jaipur,Mumbai,Rajasthan,Maharashtra,North,West,Jaipur-Mumbai,706,CAR004,Regional 3PL,7,0.1273725011722375,0.8300401257649755,Road,6,2,2,12,12.8,Automotive parts,2,168.3,75532.0,409.6,0.411,15,Standard,Wooden crate,1,4.0,13,19.9,26.5,3.0,72.5,0,2.7,Multi-Axle Trailer,9.8,25000,0.7819027818617303,0,7.0,5.0,3.6,33.3,0,0,0,9.3,5.6,2.1,0,1,5.7,0.067,0,,,,
SHP0000247,2023-01-12,1,1,2,Thursday,Winter,FY2022-23,Hyderabad,Jaipur,Telangana,Rajasthan,South,North,Hyderabad-Jaipur,817,CAR002,National Fleet,12,0.05510788767410653,0.8750192726056487,Road,4,1,1,8,15.6,Industrial equipment,2,1489.3,587035.0,637.5,2.336,67,Standard,Metal frame,0,4.0,27,16.5,23.8,0.1,68.2,0,3.6,Heavy Truck,3.5,16000,1.0403450443838766,1,14.0,5.0,3.8,4.5,0,0,1,7.7,2.2,10.0,0,1,3.0,0.055,0,,,,
SHP0000248,2023-01-12,1,1,2,Thursday,Winter,FY2022-23,Jaipur,Chennai,Rajasthan,Tamil Nadu,North,South,Jaipur-Chennai,2143,CAR001,National Fleet,16,0.047774422035883585,0.915281193961527,Road,6,2,2,12,17.6,Glass products,5,417.2,236221.0,290.2,1.438,25,Standard,Foam protected,1,2.0,1,14.2,17.099999999999998,1.0,79.5,0,3.7,Light Commercial Vehicle,9.7,3000,0.8336508499877756,0,4.0,2.3,1.0,21.8,0,0,1,7.0,6.7,1.0,0,1,6.6,0.047,0,,,,
SHP0000249,2023-01-12,1,1,2,Thursday,Winter,FY2022-23,Hyderabad,Lucknow,Telangana,Uttar Pradesh,South,North,Hyderabad-Lucknow,1022,CAR006,Express Courier,6,0.036969166855517085,0.9676206154674072,Air,4,1,1,8,14.3,Appliances,3,54.3,29800.0,100.7,0.539,1,Standard,Shrink wrap,0,5.0,91,16.1,18.8,5.1,52.7,0,2.2,Medium Truck,1.5,9000,0.8831634732476292,0,7.0,3.7,2.8,5.7,0,0,0,6.9,4.7,10.0,0,1,3.5,0.094,0,,,,
SHP0000250,2023-01-13,1,1,2,Friday,Winter,FY2022-23,Ahmedabad,Coimbatore,Gujarat,Tamil Nadu,West,South,Ahmedabad-Coimbatore,2094,CAR006,Express Courier,5,0.04443555041015255,0.8969408222983027,Air,6,2,2,12,13.7,Automotive parts,2,1872.3,661318.0,414.2,4.52,48,Standard,Metal frame,0,4.0,44,10.9,16.1,1.0,64.0,0,2.5,Light Commercial Vehicle,1.7,3000,0.9184691407779232,0,10.0,4.1,0.3,10.5,0,0,1,8.9,3.7,3.3,0,2,6.5,0.1,0,,,,
SHP0000251,2023-01-13,1,1,2,Friday,Winter,FY2022-23,Mumbai,Indore,Maharashtra,Madhya Pradesh,West,Central,Mumbai-Indore,2036,CAR002,National Fleet,14,0.05226855742746983,0.9366076072133358,Multimodal,10,4,4,20,33.8,Automotive parts,2,228.7,38778.0,408.4,0.56,5,High,Mixed packaging,1,4.0,11,12.5,19.5,3.2,35.1,0,4.5,Heavy Truck,3.7,16000,0.6544313126161804,0,10.0,5.0,1.0,6.9,0,0,1,8.6,6.5,6.5,0,2,7.9,0.105,0,,,,
SHP0000252,2023-01-13,1,1,2,Friday,Winter,FY2022-23,Jaipur,Delhi NCR,Rajasthan,Delhi,North,North,Jaipur-Delhi NCR,2431,CAR005,Express Courier,11,0.03478300079408923,1.0,Road,6,2,2,12,23.8,FMCG,2,238.9,30228.0,236.1,1.012,11,Standard,Foam protected,1,2.0,39,24.2,27.8,4.8,60.1,0,4.9,Medium Truck,1.6,9000,0.8354233108493457,0,8.0,2.9,0.1,8.4,0,0,0,6.1,6.0,5.6,0,1,2.9,0.11,0,,,,
SHP0000253,2023-01-13,1,1,2,Friday,Winter,FY2022-23,Mumbai,Kochi,Maharashtra,Kerala,West,South,Mumbai-Kochi,2308,CAR010,National Fleet,7,0.05232128077975423,0.9230413752063825,Road,6,2,2,12,19.5,Glass products,5,92.6,45320.0,247.7,0.374,5,Standard,Bubble wrap,1,5.0,13,14.7,21.1,2.1,58.0,0,4.5,Medium Truck,6.1,9000,0.9438431698939538,0,8.0,4.0,2.5,7.5,0,0,0,4.8,7.0,5.7,0,1,1.0,0.077,0,,,,
SHP0000254,2023-01-13,1,1,2,Friday,Winter,FY2022-23,Kochi,Pune,Kerala,Maharashtra,South,West,Kochi-Pune,1399,CAR005,Express Courier,8,0.027736732005903618,1.0,Air,8,3,3,16,17.7,Industrial equipment,2,767.9,285923.0,582.0,1.319,31,Standard,Metal frame,1,4.0,1,15.5,18.5,2.6,55.8,0,4.0,Medium Truck,1.1,9000,0.7616134231761449,0,10.0,4.5,2.5,6.9,0,0,1,4.9,5.1,9.6,0,1,6.6,0.085,0,,,,
SHP0000255,2023-01-13,1,1,2,Friday,Winter,FY2022-23,Chennai,Indore,Tamil Nadu,Madhya Pradesh,South,Central,Chennai-Indore,1694,CAR003,Regional 3PL,9,0.0923422526850367,0.8244359765460865,Road,7,2,3,14,16.2,Textiles,1,109.0,50921.0,150.1,0.726,3,Standard,Corrugated box,1,3.0,10,12.9,16.4,0.3,72.8,0,2.9,Light Commercial Vehicle,6.3,3000,0.6551480678860513,0,11.0,4.9,1.5,7.3,0,0,1,6.2,4.3,3.3,0,1,7.9,0.082,0,,,,
SHP0000256,2023-01-13,1,1,2,Friday,Winter,FY2022-23,Ahmedabad,Kolkata,Gujarat,West Bengal,West,East,Ahmedabad-Kolkata,965,CAR003,Regional 3PL,10,0.09074696139371288,0.8723960662062203,Road,4,1,1,8,16.0,Furniture,3,477.0,103323.0,68.3,6.984,12,High,Mixed packaging,0,4.0,24,15.2,22.799999999999997,4.4,45.7,0,3.4,Medium Truck,2.5,9000,0.9012140051191009,0,15.0,4.8,3.7,10.1,0,0,1,5.6,4.6,4.2,0,1,5.7,0.046,0,,,,
SHP0000257,2023-01-13,1,1,2,Friday,Winter,FY2022-23,Indore,Chennai,Madhya Pradesh,Tamil Nadu,Central,South,Indore-Chennai,992,CAR008,National Fleet,18,0.06432222152074611,0.9090068436327486,Road,6,2,2,12,23.8,Industrial equipment,2,385.1,100710.0,752.1,0.512,15,High,Metal frame,0,3.0,4,23.1,27.0,4.6,64.2,0,3.5,Medium Truck,6.3,9000,0.7727536905858289,0,9.0,3.3,2.0,3.0,0,0,1,7.1,4.4,3.1,0,1,8.5,0.105,0,,,,
SHP0000258,2023-01-13,1,1,2,Friday,Winter,FY2022-23,Kochi,Mumbai,Kerala,Maharashtra,South,West,Kochi-Mumbai,506,CAR004,Regional 3PL,6,0.11354706451101854,0.7947215359411728,Road,5,2,1,10,9.3,FMCG,2,263.6,57245.0,258.9,1.018,7,Standard,Shrink wrap,1,5.0,32,8.4,14.7,2.1,58.4,0,5.0,Medium Truck,4.9,9000,0.8642397754701759,0,4.0,5.0,1.5,1.2,0,0,0,10.0,3.8,5.0,0,1,5.8,0.064,0,,,,
SHP0000259,2023-01-13,1,1,2,Friday,Winter,FY2022-23,Nagpur,Mumbai,Maharashtra,Maharashtra,West,West,Nagpur-Mumbai,960,CAR002,National Fleet,13,0.06274751990380092,0.9368756444911618,Road,4,1,1,8,9.3,FMCG,2,490.3,62151.0,220.2,2.227,23,High,Shrink wrap,1,4.0,14,11.5,18.7,1.9,47.4,0,3.6,Light Commercial Vehicle,3.1,3000,0.4571841707115839,0,8.0,4.7,4.3,14.5,0,0,1,6.4,4.2,8.1,0,1,4.3,0.069,0,,,,
SHP0000260,2023-01-13,1,1,2,Friday,Winter,FY2022-23,Jaipur,Pune,Rajasthan,Maharashtra,North,West,Jaipur-Pune,756,CAR006,Express Courier,9,0.039474992341360544,1.0,Road,5,2,1,10,10.7,Appliances,3,31.8,30773.0,134.6,0.236,1,Standard,Mixed packaging,0,3.0,11,18.1,22.3,5.5,45.8,0,3.0,Medium Truck,3.6,9000,0.728713998628378,0,9.0,4.5,0.8,4.8,0,0,0,5.9,4.8,1.5,0,1,5.7,0.074,0,,,,
SHP0000261,2023-01-13,1,1,2,Friday,Winter,FY2022-23,Mumbai,Delhi NCR,Maharashtra,Delhi,West,North,Mumbai-Delhi NCR,717,CAR009,Regional 3PL,1,0.15218477955706672,0.7338900942702501,Road,5,2,1,10,17.6,Glass products,5,40.9,21819.0,264.4,0.155,1,Standard,Foam protected,0,5.0,18,16.0,22.1,1.6,32.2,0,3.8,Medium Truck,1.6,9000,0.8160637355200105,0,9.0,3.7,6.4,1.6,0,0,0,8.1,4.1,1.0,0,1,7.9,0.067,1,1833.0,1.0,Leakage,3.0
SHP0000262,2023-01-13,1,1,2,Friday,Winter,FY2022-23,Nagpur,Kochi,Maharashtra,Kerala,West,South,Nagpur-Kochi,684,CAR007,Rail Freight Corp,30,0.07497115320189301,0.8429896611276657,Rail,4,1,1,8,7.0,Machinery components,1,1242.4,499658.0,717.6,1.731,53,Standard,Metal frame,0,5.0,0,22.6,26.400000000000002,6.0,50.7,0,2.2,Light Commercial Vehicle,5.6,3000,0.9646087851727052,0,7.0,4.4,4.4,2.3,0,0,1,9.5,2.4,4.3,0,1,3.0,0.078,0,,,,
SHP0000263,2023-01-13,1,1,2,Friday,Winter,FY2022-23,Coimbatore,Hyderabad,Tamil Nadu,Telangana,South,South,Coimbatore-Hyderabad,1432,CAR001,National Fleet,16,0.05235495409317845,0.9275816771160186,Road,7,2,3,14,16.2,Pharmaceuticals,3,17.7,99756.0,116.4,0.152,1,Standard,Mixed packaging,0,5.0,8,14.9,18.2,2.0,64.2,0,3.1,Multi-Axle Trailer,2.4,25000,0.7875402476488826,0,7.0,2.9,0.4,12.8,1,0,1,5.7,6.1,2.6,0,1,4.4,0.062,0,,,,
SHP0000264,2023-01-13,1,1,2,Friday,Winter,FY2022-23,Surat,Kochi,Gujarat,Kerala,West,South,Surat-Kochi,850,CAR003,Regional 3PL,9,0.09185435654051119,0.8193522522114338,Road,6,2,2,12,15.6,Automotive parts,2,350.5,108366.0,340.6,1.029,7,Standard,Shrink wrap,1,3.0,1,18.3,24.8,,60.7,0,4.0,Medium Truck,0.9,9000,0.8718693496592388,0,5.0,3.8,2.0,2.4,0,0,1,3.2,4.2,4.4,0,1,5.5,0.078,0,,,,
SHP0000265,2023-01-13,1,1,2,Friday,Winter,FY2022-23,Indore,Delhi NCR,Madhya Pradesh,Delhi,Central,North,Indore-Delhi NCR,633,CAR008,National Fleet,18,0.08400071127746599,0.8864250042638593,Road,5,2,1,10,14.3,Industrial equipment,2,393.5,173925.0,633.2,0.621,11,Standard,Foam protected,1,4.0,5,16.6,21.1,3.9,78.3,0,2.2,Medium Truck,6.7,9000,0.7161533799088075,0,6.0,2.3,6.4,17.7,0,0,1,6.8,1.9,2.1,0,1,1.2,0.088,1,2174.0,1.0,Crushing,14.0
SHP0000266,2023-01-13,1,1,2,Friday,Winter,FY2022-23,Kochi,Jaipur,Kerala,Rajasthan,South,North,Kochi-Jaipur,497,CAR004,Regional 3PL,7,0.10874827361329432,0.7600634367266598,Road,3,1,1,6,9.8,FMCG,2,132.5,9498.0,226.6,0.585,11,Standard,Corrugated box,0,5.0,3,21.1,25.900000000000002,0.8,67.4,0,2.2,Medium Truck,17.7,9000,0.6816763406103657,0,8.0,4.3,1.0,5.0,0,0,0,6.9,2.8,6.2,0,1,5.4,0.084,1,575.0,2.0,Breakage,29.0
SHP0000267,2023-01-13,1,1,2,Friday,Winter,FY2022-23,Surat,Delhi NCR,Gujarat,Delhi,West,North,Surat-Delhi NCR,1298,CAR010,National Fleet,11,0.051976315712199225,0.9342184388201367,Road,7,2,3,14,22.7,FMCG,2,78.5,7741.0,265.7,0.295,1,High,Mixed packaging,1,5.0,18,15.3,19.3,2.4,31.6,0,4.2,Heavy Truck,1.4,16000,0.8651698272351409,0,7.0,3.5,0.9,5.8,0,0,1,9.3,3.3,5.4,0,1,5.6,0.11,0,,,,
SHP0000268,2023-01-13,1,1,2,Friday,Winter,FY2022-23,Pune,Hyderabad,Maharashtra,Telangana,West,South,Pune-Hyderabad,1618,CAR003,Regional 3PL,6,0.09339903551153247,0.8625200610994673,Road,6,2,2,12,10.6,Consumer electronics,4,71.3,252624.0,147.5,0.483,2,Standard,Corrugated box,0,2.0,21,19.5,24.6,2.8,47.2,0,2.6,Medium Truck,5.3,9000,0.7933834692256492,0,9.0,4.2,3.3,3.8,0,0,1,5.3,4.1,2.4,0,1,1.2,0.088,0,,,,
SHP0000269,2023-01-13,1,1,2,Friday,Winter,FY2022-23,Indore,Chennai,Madhya Pradesh,Tamil Nadu,Central,South,Indore-Chennai,994,CAR010,National Fleet,11,0.06337753098120742,0.9067324164012753,Road,4,1,1,8,15.9,Consumer electronics,4,89.7,303662.0,146.6,0.612,6,Standard,Foam protected,0,4.0,5,14.6,20.6,2.0,28.8,0,2.9,Medium Truck,6.1,9000,0.7225667268931542,0,6.0,5.0,3.1,4.6,0,0,1,6.4,2.9,5.1,0,1,2.6,0.076,0,,,,
SHP0000270,2023-01-13,1,1,2,Friday,Winter,FY2022-23,Lucknow,Indore,Uttar Pradesh,Madhya Pradesh,North,Central,Lucknow-Indore,2092,CAR004,Regional 3PL,3,0.12739920443647146,0.8856436874099608,Road,8,3,3,16,25.5,Consumer electronics,4,152.2,642856.0,151.2,1.007,4,Standard,Bubble wrap,0,4.0,3,19.8,26.4,1.7,62.4,0,3.9,Heavy Truck,1.8,16000,0.9898531557207066,0,6.0,5.0,1.5,8.8,0,0,1,7.8,4.5,6.7,0,1,8.6,0.105,0,,,,
SHP0000271,2023-01-13,1,1,2,Friday,Winter,FY2022-23,Indore,Mumbai,Madhya Pradesh,Maharashtra,Central,West,Indore-Mumbai,564,CAR010,National Fleet,9,0.06239195318414463,0.9851049051405705,Road,6,2,2,12,16.0,Machinery components,1,498.8,104012.0,809.1,0.616,32,High,Corrugated box,1,3.0,1,14.1,19.9,1.3,69.3,0,3.0,Medium Truck,10.1,9000,1.0848940114506447,1,9.0,3.9,2.5,1.3,0,0,1,7.9,3.5,4.8,0,1,5.5,0.095,0,,,,
SHP0000272,2023-01-13,1,1,2,Friday,Winter,FY2022-23,Kochi,Lucknow,Kerala,Uttar Pradesh,South,North,Kochi-Lucknow,1252,CAR004,Regional 3PL,4,0.11099854771061587,0.8049979830148595,Road,6,2,2,12,9.5,Industrial equipment,2,1948.2,1309745.0,612.8,3.179,156,High,Mixed packaging,1,4.0,6,10.7,14.1,0.4,35.5,0,3.8,Medium Truck,15.2,9000,0.7597535220631756,0,6.0,3.2,1.3,9.8,0,0,1,8.9,5.1,8.3,0,3,2.1,0.053,0,,,,
SHP0000273,2023-01-13,1,1,2,Friday,Winter,FY2022-23,Hyderabad,Jaipur,Telangana,Rajasthan,South,North,Hyderabad-Jaipur,796,CAR004,Regional 3PL,7,0.12630968895200084,0.8619420561798962,Road,5,2,1,10,17.9,Appliances,3,40.1,25822.0,116.1,0.345,1,Urgent,Mixed packaging,0,1.0,15,31.4,37.199999999999996,5.0,50.5,0,3.3,Medium Truck,1.9,9000,0.8603590125016013,0,4.0,3.7,1.8,7.7,0,0,0,7.4,4.9,6.3,0,1,7.1,0.042,0,,,,
SHP0000274,2023-01-13,1,1,2,Friday,Winter,FY2022-23,Bengaluru,Jaipur,Karnataka,Rajasthan,South,North,Bengaluru-Jaipur,1051,CAR005,Express Courier,11,0.04286486802380511,0.9976244008685602,Road,7,2,3,14,10.7,Furniture,3,256.0,67965.0,80.1,3.196,6,Standard,Shrink wrap,1,4.0,26,16.7,19.8,0.1,73.1,0,4.5,Light Commercial Vehicle,9.2,3000,0.8594492001448495,0,7.0,3.8,3.2,5.2,0,0,1,5.3,2.5,4.7,0,1,5.2,0.116,0,,,,
SHP0000275,2023-01-13,1,1,2,Friday,Winter,FY2022-23,Lucknow,Delhi NCR,Uttar Pradesh,Delhi,North,North,Lucknow-Delhi NCR,383,CAR001,National Fleet,16,0.04245336477306354,1.0,Road,3,1,1,6,9.2,Appliances,3,41.3,20118.0,110.6,0.373,1,Standard,Foam protected,0,4.0,44,21.1,23.700000000000003,3.7,44.0,0,2.9,Medium Truck,10.5,9000,1.06814539875996,1,8.0,4.8,1.7,3.0,0,0,1,4.6,4.4,4.0,0,1,2.1,0.068,0,,,,
SHP0000276,2023-01-14,1,1,2,Saturday,Winter,FY2022-23,Delhi NCR,Kolkata,Delhi,West Bengal,North,East,Delhi NCR-Kolkata,1213,CAR001,National Fleet,13,0.048524859574209676,0.9437503755083333,Road,6,2,2,12,12.3,Consumer electronics,4,67.0,65094.0,165.1,0.406,3,High,Bubble wrap,1,5.0,39,21.3,26.4,0.8,41.0,0,1.7,Medium Truck,5.8,9000,0.9074309915875987,0,8.0,2.7,2.0,6.8,0,0,1,9.2,5.5,3.8,0,1,2.0,0.075,0,,,,
SHP0000277,2023-01-14,1,1,2,Saturday,Winter,FY2022-23,Mumbai,Chennai,Maharashtra,Tamil Nadu,West,South,Mumbai-Chennai,1864,CAR009,Regional 3PL,1,0.15942239073386744,0.7660072413788571,Road,8,3,3,16,29.6,Furniture,3,79.0,16169.0,90.7,0.871,1,Standard,Plastic crate,0,5.0,5,21.1,24.400000000000002,0.8,37.8,0,2.1,Light Commercial Vehicle,4.5,3000,0.8448307071786445,0,7.0,3.2,0.3,6.6,0,0,1,10.0,6.8,4.5,0,1,2.5,0.1,0,,,,
SHP0000278,2023-01-14,1,1,2,Saturday,Winter,FY2022-23,Kochi,Indore,Kerala,Madhya Pradesh,South,Central,Kochi-Indore,1504,CAR002,National Fleet,13,0.05559482960327408,0.9716272222053548,Multimodal,8,3,3,16,13.3,Industrial equipment,2,726.3,641962.0,585.3,1.241,18,Standard,Wooden crate,1,5.0,10,6.5,14.3,0.4,50.2,0,3.1,Light Commercial Vehicle,3.1,3000,0.8697739603366722,0,10.0,3.9,0.1,3.1,0,0,1,10.0,3.4,4.7,0,1,4.2,0.115,1,45480.0,3.0,Scratching,43.0
SHP0000279,2023-01-14,1,1,2,Saturday,Winter,FY2022-23,Delhi NCR,Surat,Delhi,Gujarat,North,West,Delhi NCR-Surat,1743,CAR006,Express Courier,9,0.044919538024120055,0.9203936010762499,Road,8,3,3,16,29.4,Appliances,3,77.9,77218.0,119.3,0.653,2,Standard,Metal frame,0,5.0,21,17.8,24.8,7.1,46.8,0,,Light Commercial Vehicle,12.9,3000,0.8377261556189932,0,7.0,3.8,5.1,6.0,0,0,0,7.5,4.2,9.8,0,1,7.2,0.071,1,3029.0,1.0,Crushing,71.0
SHP0000280,2023-01-14,1,1,2,Saturday,Winter,FY2022-23,Nagpur,Surat,Maharashtra,Gujarat,West,West,Nagpur-Surat,1842,CAR002,National Fleet,10,0.0588036926254529,0.9145032697527,Road,8,3,3,16,17.3,Industrial equipment,2,328.4,165989.0,529.0,0.621,10,Standard,Bubble wrap,0,5.0,9,14.5,21.8,5.5,57.9,0,2.9,Heavy Truck,2.6,16000,0.9762652161891009,0,9.0,5.0,0.6,5.6,0,0,1,8.0,4.7,2.5,0,1,4.1,0.069,0,,,,
SHP0000281,2023-01-14,1,1,2,Saturday,Winter,FY2022-23,Surat,Jaipur,Gujarat,Rajasthan,West,North,Surat-Jaipur,667,CAR003,Regional 3PL,6,0.10030914626429366,0.875557895861175,Road,6,2,2,12,15.2,Industrial equipment,2,991.3,426893.0,498.4,1.989,23,High,Metal frame,1,5.0,14,27.3,29.900000000000002,0.1,65.1,0,2.8,Medium Truck,4.1,9000,0.8300288712873953,0,7.0,2.0,2.4,5.5,0,0,1,7.5,4.5,1.9,0,1,2.2,0.099,0,,,,
SHP0000282,2023-01-14,1,1,2,Saturday,Winter,FY2022-23,Chennai,Hyderabad,Tamil Nadu,Telangana,South,South,Chennai-Hyderabad,1196,CAR006,Express Courier,5,0.04058300138556156,0.9785816406322959,Road,5,2,1,10,18.9,Glass products,5,295.2,135433.0,230.2,1.282,9,Standard,Foam protected,1,4.0,31,33.2,39.0,1.8,33.1,0,4.7,Medium Truck,10.5,9000,1.2119639414209296,1,13.0,4.7,2.1,16.2,0,0,0,9.5,3.2,8.0,0,1,4.0,0.07,0,,,,
SHP0000283,2023-01-14,1,1,2,Saturday,Winter,FY2022-23,Pune,Delhi NCR,Maharashtra,Delhi,West,North,Pune-Delhi NCR,2303,CAR003,Regional 3PL,7,0.08551542317831613,0.8286993186748823,Road,6,2,2,12,22.3,Consumer electronics,4,87.2,230247.0,132.0,0.661,2,Standard,Bubble wrap,1,4.0,11,12.5,17.7,2.4,46.6,0,3.4,Medium Truck,7.9,9000,0.5505252484997751,0,5.0,4.2,2.3,18.8,0,0,1,7.3,7.1,2.7,0,1,4.7,0.084,0,,,,
SHP0000284,2023-01-14,1,1,2,Saturday,Winter,FY2022-23,Nagpur,Kolkata,Maharashtra,West Bengal,West,East,Nagpur-Kolkata,1783,CAR007,Rail Freight Corp,31,0.0860852431866432,0.8686643753026848,Rail,7,2,3,14,25.6,FMCG,2,178.7,11926.0,274.6,0.651,6,High,Shrink wrap,1,5.0,14,23.9,26.5,,39.3,0,3.0,Medium Truck,5.0,9000,0.877950617084589,0,9.0,5.0,1.9,10.1,0,0,1,6.9,6.7,4.8,0,1,9.9,0.079,0,,,,
SHP0000285,2023-01-14,1,1,2,Saturday,Winter,FY2022-23,Hyderabad,Surat,Telangana,Gujarat,South,West,Hyderabad-Surat,1757,CAR005,Express Courier,8,0.020278511908226046,0.9884678030574238,Road,8,3,3,16,25.6,Appliances,3,140.5,89203.0,113.0,1.243,6,Standard,Shrink wrap,1,5.0,7,14.2,21.5,0.5,47.2,0,4.2,Medium Truck,5.6,9000,0.7629842846108748,0,6.0,4.2,5.6,12.8,0,0,1,6.5,4.3,6.0,0,1,2.2,0.122,0,,,,
SHP0000286,2023-01-14,1,1,2,Saturday,Winter,FY2022-23,Coimbatore,Chennai,Tamil Nadu,Tamil Nadu,South,South,Coimbatore-Chennai,373,CAR008,National Fleet,20,0.06365999957047383,0.9218788447199391,Road,2,0,1,4,3.8,Glass products,5,138.0,56808.0,186.0,0.742,2,Standard,Foam protected,1,5.0,5,19.9,22.799999999999997,3.4,59.1,0,3.9,Medium Truck,5.5,9000,0.7539864611660995,0,5.0,4.8,1.2,1.7,0,0,1,4.8,1.9,4.8,0,1,2.1,0.068,0,,,,
SHP0000287,2023-01-14,1,1,2,Saturday,Winter,FY2022-23,Chennai,Coimbatore,Tamil Nadu,Tamil Nadu,South,South,Chennai-Coimbatore,706,CAR002,National Fleet,14,0.05549359745919735,0.9183062191760876,Road,6,2,2,12,11.1,Furniture,3,201.9,33490.0,84.1,2.401,6,Urgent,Mixed packaging,1,3.0,23,15.4,21.6,2.7,48.5,0,2.4,Light Commercial Vehicle,2.1,3000,0.8774502320320853,0,7.0,4.9,6.0,1.9,0,0,1,7.3,2.9,8.8,0,1,8.5,0.058,0,,,,
SHP0000288,2023-01-14,1,1,2,Saturday,Winter,FY2022-23,Kolkata,Delhi NCR,West Bengal,Delhi,East,North,Kolkata-Delhi NCR,975,CAR006,Express Courier,7,0.034468367317353955,0.8922502613323926,Road,8,3,3,16,28.6,Consumer electronics,4,96.1,495909.0,148.3,0.648,4,Standard,Foam protected,0,3.0,15,17.4,20.299999999999997,1.0,72.9,0,4.0,Medium Truck,12.4,9000,0.9556552989154014,0,17.0,5.0,0.0,2.2,0,0,1,8.3,4.4,5.0,0,1,4.3,0.089,1,3861.0,1.0,Breakage,67.0
SHP0000289,2023-01-14,1,1,2,Saturday,Winter,FY2022-23,Nagpur,Pune,Maharashtra,Maharashtra,West,West,Nagpur-Pune,1596,CAR003,Regional 3PL,6,0.08124335870574326,0.859600797583669,Road,7,2,3,14,17.6,Consumer electronics,4,107.0,523349.0,155.0,0.69,3,Standard,Bubble wrap,0,5.0,49,22.0,28.4,0.1,59.7,0,4.1,Medium Truck,0.8,9000,0.6367357654776775,0,4.0,3.5,9.4,4.3,0,0,1,6.0,2.7,4.0,0,1,4.1,0.059,0,,,,
SHP0000290,2023-01-14,1,1,2,Saturday,Winter,FY2022-23,Ahmedabad,Mumbai,Gujarat,Maharashtra,West,West,Ahmedabad-Mumbai,1820,CAR003,Regional 3PL,9,0.09825115919966557,0.8653755895034992,Road,7,2,3,14,17.0,Industrial equipment,2,604.7,356117.0,577.2,1.048,12,Standard,Metal frame,1,5.0,14,18.2,23.0,1.1,45.6,0,1.9,Medium Truck,6.3,9000,1.0925006358397555,1,4.0,5.0,1.1,11.2,0,0,1,6.8,3.9,5.0,0,1,1.4,0.065,1,5672.0,2.0,Breakage,6.0
SHP0000291,2023-01-14,1,1,2,Saturday,Winter,FY2022-23,Coimbatore,Kolkata,Tamil Nadu,West Bengal,South,East,Coimbatore-Kolkata,989,CAR002,National Fleet,14,0.05422685630803659,0.9465507548032206,Road,4,1,1,8,12.9,Machinery components,1,3868.0,589719.0,987.8,3.916,110,Standard,Mixed packaging,1,4.0,28,22.8,25.400000000000002,0.5,72.7,0,,Medium Truck,8.3,9000,0.8140049330428307,0,11.0,3.3,2.8,9.1,0,0,1,9.2,5.5,5.9,0,1,5.6,0.098,0,,,,
SHP0000292,2023-01-14,1,1,2,Saturday,Winter,FY2022-23,Chennai,Jaipur,Tamil Nadu,Rajasthan,South,North,Chennai-Jaipur,2375,CAR001,National Fleet,14,0.05001124890232111,0.9479205510949306,Road,7,2,3,14,20.8,Glass products,5,165.0,56953.0,245.4,0.672,7,Standard,Bubble wrap,1,3.0,29,20.9,27.599999999999998,7.0,15.5,0,3.1,Medium Truck,8.4,9000,0.7804508403988665,0,7.0,3.6,0.4,15.7,0,0,0,9.5,4.8,5.2,0,1,9.7,0.087,0,,,,
SHP0000293,2023-01-14,1,1,2,Saturday,Winter,FY2022-23,Lucknow,Ahmedabad,Uttar Pradesh,Gujarat,North,West,Lucknow-Ahmedabad,1413,CAR009,Regional 3PL,2,0.14214305281473125,0.7545050894184085,Road,7,2,3,14,25.2,Automotive parts,2,928.0,232774.0,384.5,2.414,75,Standard,Mixed packaging,0,3.0,1,20.4,26.2,1.8,58.0,0,4.1,Medium Truck,2.8,9000,0.9275312681653061,0,21.0,5.0,4.9,7.2,0,0,1,5.8,4.9,4.6,0,1,7.8,0.088,0,,,,
SHP0000294,2023-01-14,1,1,2,Saturday,Winter,FY2022-23,Surat,Lucknow,Gujarat,Uttar Pradesh,West,North,Surat-Lucknow,799,CAR010,National Fleet,10,0.05466104867106736,0.9394341507629099,Road,4,1,1,8,7.2,Machinery components,1,1228.3,362029.0,868.2,1.415,40,Standard,Wooden crate,1,4.0,16,18.1,20.8,2.4,57.6,0,4.6,Heavy Truck,1.8,16000,0.9989902856202157,0,8.0,4.3,0.8,8.0,0,0,1,7.7,4.0,5.7,0,1,7.2,0.081,0,,,,
SHP0000295,2023-01-14,1,1,2,Saturday,Winter,FY2022-23,Surat,Ahmedabad,Gujarat,Gujarat,West,West,Surat-Ahmedabad,1378,CAR003,Regional 3PL,8,0.0891134680029004,0.8599118465727914,Road,7,2,3,14,25.4,Appliances,3,231.5,133979.0,122.8,1.885,12,Urgent,Foam protected,1,2.0,43,17.8,21.400000000000002,0.6,22.2,0,4.2,Medium Truck,6.3,9000,0.7153959768379156,0,11.0,5.0,7.8,4.3,0,0,1,7.3,5.0,7.0,0,1,5.7,0.097,1,7892.0,2.0,Crushing,42.0
SHP0000296,2023-01-14,1,1,2,Saturday,Winter,FY2022-23,Hyderabad,Jaipur,Telangana,Rajasthan,South,North,Hyderabad-Jaipur,805,CAR008,National Fleet,18,0.07066325482486872,0.9276031356930713,Road,5,2,1,10,11.8,Furniture,3,568.4,92112.0,88.0,6.459,50,Urgent,Wooden crate,0,4.0,10,20.4,24.099999999999998,9.3,27.5,0,3.8,Medium Truck,7.2,9000,0.8546354069345652,0,7.0,4.0,0.1,2.7,0,0,0,10.0,3.9,8.9,0,1,6.9,0.064,0,,,,
SHP0000297,2023-01-15,1,1,2,Sunday,Winter,FY2022-23,Nagpur,Delhi NCR,Maharashtra,Delhi,West,North,Nagpur-Delhi NCR,1807,CAR008,National Fleet,20,0.06413834485254025,0.9229289628255719,Road,6,2,2,12,18.4,Machinery components,1,1071.5,505435.0,812.5,1.319,24,High,Metal frame,1,4.0,18,28.5,34.6,2.5,42.4,0,3.9,Heavy Truck,5.8,16000,0.7843838341469183,0,12.0,2.7,2.0,11.7,0,0,1,6.0,4.3,4.8,0,1,4.7,0.094,0,,,,
SHP0000298,2023-01-15,1,1,2,Sunday,Winter,FY2022-23,Lucknow,Indore,Uttar Pradesh,Madhya Pradesh,North,Central,Lucknow-Indore,2159,CAR001,National Fleet,14,0.05277105753591671,0.9647291530888836,Road,6,2,2,12,13.7,Glass products,5,154.3,65647.0,248.9,0.62,3,High,Bubble wrap,1,5.0,10,25.4,28.4,1.9,33.4,0,3.3,Light Commercial Vehicle,7.0,3000,1.25,1,10.0,3.8,4.9,6.3,0,0,0,7.6,4.7,4.6,0,1,3.7,0.095,0,,,,
SHP0000299,2023-01-15,1,1,2,Sunday,Winter,FY2022-23,Hyderabad,Mumbai,Telangana,Maharashtra,South,West,Hyderabad-Mumbai,1943,CAR010,National Fleet,10,0.05721260640744029,0.9445845464761167,Road,9,3,4,18,26.5,Furniture,3,204.9,115752.0,84.6,2.422,6,Standard,Plastic crate,0,4.0,19,15.0,19.9,0.2,26.9,0,3.6,Heavy Truck,14.4,16000,0.935383245955393,0,13.0,5.0,1.5,11.2,0,0,0,5.6,5.3,3.9,0,1,10.0,0.107,0,,,,
SHP0000300,2023-01-15,1,1,2,Sunday,Winter,FY2022-23,Bengaluru,Ahmedabad,Karnataka,Gujarat,South,West,Bengaluru-Ahmedabad,1748,CAR008,National Fleet,20,0.05865622372964379,0.8910642708106024,Road,6,2,2,12,23.0,Machinery components,1,2609.7,665594.0,887.8,2.94,201,Standard,Wooden crate,1,5.0,7,25.0,27.9,0.4,50.6,0,2.6,Light Commercial Vehicle,5.6,3000,0.8225093564361275,0,7.0,3.2,0.3,15.3,0,0,1,7.4,6.7,10.0,0,1,3.3,0.053,0,,,,
SHP0000301,2023-01-15,1,1,2,Sunday,Winter,FY2022-23,Surat,Chennai,Gujarat,Tamil Nadu,West,South,Surat-Chennai,409,CAR008,National Fleet,22,0.08146870266157683,0.8353270973764578,Road,3,1,1,6,6.7,FMCG,2,925.0,146840.0,236.8,3.906,33,Urgent,Wooden crate,1,3.0,2,18.7,24.7,0.3,48.8,0,4.9,Light Commercial Vehicle,1.5,3000,0.8965888658458714,0,12.0,2.9,10.5,4.0,0,0,1,6.4,3.0,2.7,0,1,6.6,0.096,0,,,,
SHP0000302,2023-01-15,1,1,2,Sunday,Winter,FY2022-23,Jaipur,Lucknow,Rajasthan,Uttar Pradesh,North,North,Jaipur-Lucknow,887,CAR010,National Fleet,9,0.04397249328610001,0.9414281265616082,Road,7,2,3,14,25.9,Furniture,3,325.7,63050.0,82.6,3.943,6,Standard,Foam protected,1,4.0,18,12.2,19.7,0.9,53.0,0,4.0,Medium Truck,9.7,9000,0.6496590601087224,0,10.0,3.5,1.9,4.1,0,0,1,6.9,2.4,4.6,0,1,2.1,0.077,0,,,,
SHP0000303,2023-01-15,1,1,2,Sunday,Winter,FY2022-23,Indore,Kolkata,Madhya Pradesh,West Bengal,Central,East,Indore-Kolkata,2244,CAR003,Regional 3PL,8,0.07415028867733683,0.8705618322773464,Road,6,2,2,12,19.7,Consumer electronics,4,52.9,139183.0,148.3,0.357,2,Standard,Corrugated box,0,2.0,5,25.5,32.1,0.1,53.2,0,4.9,Heavy Truck,1.7,16000,0.7681720844389257,0,7.0,4.7,3.8,10.6,0,0,1,5.5,6.1,2.4,0,1,3.1,0.067,0,,,,
SHP0000304,2023-01-15,1,1,2,Sunday,Winter,FY2022-23,Hyderabad,Bengaluru,Telangana,Karnataka,South,South,Hyderabad-Bengaluru,1411,CAR009,Regional 3PL,3,0.15696807167708385,0.8085310545147971,Road,6,2,2,12,19.3,Consumer electronics,4,45.0,147238.0,131.8,0.341,1,Standard,Bubble wrap,0,4.0,20,13.4,18.7,1.6,51.5,0,4.1,Light Commercial Vehicle,3.8,3000,0.8961063031997893,0,9.0,3.5,0.8,5.0,0,0,0,8.5,2.6,5.4,0,1,1.6,0.074,0,,,,
SHP0000305,2023-01-15,1,1,2,Sunday,Winter,FY2022-23,Nagpur,Ahmedabad,Maharashtra,Gujarat,West,West,Nagpur-Ahmedabad,2176,CAR010,National Fleet,8,0.04472872907979217,0.8868009628677814,Road,7,2,3,14,20.8,Machinery components,1,655.6,294648.0,735.4,0.891,16,Standard,Wooden crate,1,4.0,10,18.3,22.5,0.2,46.6,0,3.4,Medium Truck,0.1,9000,0.6885510803982513,0,10.0,5.0,0.8,10.3,0,0,1,8.9,6.9,3.3,0,1,5.1,0.098,0,,,,
SHP0000306,2023-01-15,1,1,2,Sunday,Winter,FY2022-23,Surat,Ahmedabad,Gujarat,Gujarat,West,West,Surat-Ahmedabad,1441,CAR002,National Fleet,10,0.04270919000202053,0.9631881282911093,Road,6,2,2,12,22.7,Textiles,1,134.0,49149.0,154.6,0.867,3,Standard,Wooden crate,0,3.0,46,16.1,22.1,1.2,42.5,0,2.8,Heavy Truck,10.8,16000,1.0275804208508363,1,4.0,3.8,6.3,5.9,0,0,0,8.5,2.5,6.4,0,2,8.1,0.074,0,,,,
SHP0000307,2023-01-15,1,1,2,Sunday,Winter,FY2022-23,Lucknow,Indore,Uttar Pradesh,Madhya Pradesh,North,Central,Lucknow-Indore,2111,CAR001,National Fleet,16,0.0489496807583737,0.8957160239947661,Multimodal,9,3,4,18,23.9,Pharmaceuticals,3,23.1,209917.0,104.0,0.222,1,High,Shrink wrap,1,1.0,10,15.3,18.6,1.4,71.6,0,2.5,Medium Truck,4.9,9000,0.7146849016822829,0,3.0,4.1,1.2,4.4,1,0,1,8.3,5.1,4.6,0,1,5.5,0.094,1,23819.0,2.0,Breakage,23.0
SHP0000308,2023-01-15,1,1,2,Sunday,Winter,FY2022-23,Delhi NCR,Kochi,Delhi,Kerala,North,South,Delhi NCR-Kochi,623,CAR001,National Fleet,17,0.04865988689425354,0.9479069359701915,Road,6,2,2,12,21.8,FMCG,2,388.1,46289.0,238.1,1.63,27,Standard,Foam protected,1,3.0,3,18.0,24.1,0.8,62.2,0,5.0,Medium Truck,11.4,9000,0.968512568937727,0,9.0,5.0,0.4,1.8,0,0,0,9.3,2.1,4.8,0,2,4.8,0.058,0,,,,
SHP0000309,2023-01-15,1,1,2,Sunday,Winter,FY2022-23,Surat,Lucknow,Gujarat,Uttar Pradesh,West,North,Surat-Lucknow,766,CAR003,Regional 3PL,6,0.0804378164178113,0.8266985794868169,Road,4,1,1,8,10.3,FMCG,2,339.0,22256.0,243.2,1.394,14,Standard,Plastic crate,1,5.0,50,16.7,22.2,0.1,52.5,0,3.8,Heavy Truck,1.7,16000,0.8710557571252561,0,13.0,3.8,0.2,8.7,0,0,0,4.8,5.8,5.9,0,1,1.7,0.089,0,,,,
SHP0000310,2023-01-15,1,1,2,Sunday,Winter,FY2022-23,Kochi,Jaipur,Kerala,Rajasthan,South,North,Kochi-Jaipur,503,CAR008,National Fleet,19,0.07078592534127122,0.9448226276581664,Road,6,2,2,12,18.3,Industrial equipment,2,557.3,294631.0,521.4,1.069,22,High,Mixed packaging,1,4.0,3,15.0,21.1,4.7,55.3,0,2.9,Medium Truck,2.3,9000,0.7911770622982008,0,4.0,4.2,1.2,1.2,0,0,1,8.1,1.7,3.2,0,1,4.4,0.084,0,,,,
SHP0000311,2023-01-15,1,1,2,Sunday,Winter,FY2022-23,Chennai,Indore,Tamil Nadu,Madhya Pradesh,South,Central,Chennai-Indore,1666,CAR008,National Fleet,19,0.07735782840804996,0.9271298882743196,Multimodal,9,3,4,18,21.1,Consumer electronics,4,83.1,157467.0,169.9,0.489,1,High,Foam protected,0,3.0,7,9.4,15.8,4.3,37.7,0,4.3,Medium Truck,2.1,9000,0.7801058095694426,0,11.0,4.4,0.5,3.7,0,0,1,3.9,4.3,3.3,0,2,9.0,0.077,1,1741.0,3.0,Other,23.0
SHP0000312,2023-01-15,1,1,2,Sunday,Winter,FY2022-23,Nagpur,Chennai,Maharashtra,Tamil Nadu,West,South,Nagpur-Chennai,2048,CAR002,National Fleet,10,0.057786433261862016,0.9417487451912485,Road,6,2,2,12,9.2,Furniture,3,208.7,49981.0,85.4,2.444,14,Standard,Wooden crate,0,2.0,28,8.6,11.3,1.3,38.5,0,3.7,Multi-Axle Trailer,4.3,25000,0.9228312739724195,0,1.0,4.5,9.2,8.5,0,0,1,6.0,3.7,2.6,0,1,1.9,0.091,1,497.0,1.0,Breakage,41.0
SHP0000313,2023-01-16,1,1,3,Monday,Winter,FY2022-23,Chennai,Coimbatore,Tamil Nadu,Tamil Nadu,South,South,Chennai-Coimbatore,755,CAR005,Express Courier,9,0.0541684407238926,0.9827875499483762,Road,4,1,1,8,12.1,Consumer electronics,4,11.6,34877.0,166.0,0.07,1,Urgent,Foam protected,0,4.0,21,19.7,25.299999999999997,2.3,44.5,0,2.2,Heavy Truck,14.2,16000,1.05089734742445,1,9.0,3.4,3.9,5.2,0,0,1,7.3,3.9,5.4,0,1,7.9,0.07,0,,,,
SHP0000314,2023-01-16,1,1,3,Monday,Winter,FY2022-23,Hyderabad,Lucknow,Telangana,Uttar Pradesh,South,North,Hyderabad-Lucknow,998,CAR003,Regional 3PL,7,0.0838179663575239,0.7935558436103951,Road,4,1,1,8,11.8,Industrial equipment,2,433.5,300929.0,705.3,0.615,10,High,Corrugated box,0,2.0,12,23.3,27.6,2.9,44.2,0,3.9,Light Commercial Vehicle,3.8,3000,0.7865384340908681,0,7.0,2.6,1.5,8.0,0,0,1,8.5,5.5,3.5,0,1,2.2,0.086,0,,,,
SHP0000315,2023-01-16,1,1,3,Monday,Winter,FY2022-23,Kolkata,Surat,West Bengal,Gujarat,East,West,Kolkata-Surat,2155,CAR008,National Fleet,21,0.07465118178690898,0.9191076242462352,Road,6,2,2,12,17.4,Machinery components,1,972.8,338288.0,791.3,1.229,25,Standard,Mixed packaging,1,5.0,2,,22.200000000000003,0.9,36.5,0,3.0,Medium Truck,1.7,9000,0.6817427090812964,0,10.0,4.5,0.4,13.6,0,0,1,8.3,6.1,3.4,0,1,2.1,0.068,0,,,,
SHP0000316,2023-01-16,1,1,3,Monday,Winter,FY2022-23,Hyderabad,Coimbatore,Telangana,Tamil Nadu,South,South,Hyderabad-Coimbatore,1975,CAR008,National Fleet,18,0.06595212125946608,0.8846149685306278,Road,6,2,2,12,10.6,FMCG,2,339.8,22573.0,266.2,1.276,19,Standard,Metal frame,1,5.0,92,19.4,25.9,2.5,25.0,0,3.7,Multi-Axle Trailer,4.4,25000,0.7719023089890263,0,13.0,5.0,2.0,12.9,0,0,1,6.7,4.1,5.9,0,1,2.5,0.067,0,,,,
SHP0000317,2023-01-16,1,1,3,Monday,Winter,FY2022-23,Mumbai,Delhi NCR,Maharashtra,Delhi,West,North,Mumbai-Delhi NCR,781,CAR008,National Fleet,19,0.07447810954567531,0.8803885322558829,Road,4,1,1,8,10.2,Glass products,5,164.2,57598.0,214.8,0.764,3,Standard,Foam protected,1,5.0,21,,26.2,3.3,64.8,0,4.1,Light Commercial Vehicle,1.6,3000,1.1563544777018928,1,8.0,4.8,3.3,1.7,0,0,0,7.3,5.1,2.0,0,1,1.3,0.073,0,,,,
SHP0000318,2023-01-16,1,1,3,Monday,Winter,FY2022-23,Delhi NCR,Ahmedabad,Delhi,Gujarat,North,West,Delhi NCR-Ahmedabad,2385,CAR005,Express Courier,10,0.031022834219500566,0.9617621220567117,Air,7,2,3,14,18.8,Glass products,5,58.2,30436.0,219.0,0.266,2,Standard,Foam protected,0,5.0,5,19.8,25.700000000000003,1.6,31.2,0,3.0,Medium Truck,2.1,9000,0.8954278783011487,0,7.0,3.5,2.0,5.4,0,0,1,8.3,6.8,5.8,0,1,3.3,0.102,0,,,,
SHP0000319,2023-01-16,1,1,3,Monday,Winter,FY2022-23,Kochi,Lucknow,Kerala,Uttar Pradesh,South,North,Kochi-Lucknow,1199,CAR008,National Fleet,19,0.07615156603361485,0.8737717937564401,Road,5,2,1,10,18.0,Furniture,3,377.2,64864.0,102.4,3.684,19,Urgent,Corrugated box,1,2.0,0,21.9,25.7,5.2,43.9,0,3.6,Multi-Axle Trailer,3.1,25000,0.8944439474783478,0,7.0,3.2,1.2,7.3,0,0,1,7.4,5.7,4.6,0,1,5.2,0.088,0,,,,
SHP0000320,2023-01-16,1,1,3,Monday,Winter,FY2022-23,Bengaluru,Nagpur,Karnataka,Maharashtra,South,West,Bengaluru-Nagpur,2326,CAR007,Rail Freight Corp,29,0.06509222228331518,0.8400222220021321,Rail,6,2,2,12,21.7,Textiles,1,203.3,45103.0,132.4,1.535,4,Standard,Plastic crate,1,4.0,2,27.1,30.400000000000002,0.9,62.4,0,3.7,Light Commercial Vehicle,8.5,3000,1.0716955383079476,1,13.0,4.3,4.1,5.3,0,0,0,9.4,6.5,6.4,0,1,1.7,0.06,0,,,,
SHP0000321,2023-01-16,1,1,3,Monday,Winter,FY2022-23,Bengaluru,Coimbatore,Karnataka,Tamil Nadu,South,South,Bengaluru-Coimbatore,2418,CAR005,Express Courier,12,0.039357957158736065,0.9657946958305939,Air,7,2,3,14,20.6,Appliances,3,31.4,25211.0,119.6,0.263,1,Standard,Foam protected,0,4.0,2,,16.9,0.6,52.7,0,5.0,Heavy Truck,8.2,16000,0.8440220267489924,0,16.0,5.0,0.5,6.5,0,0,0,7.0,4.2,2.0,0,1,9.8,0.065,0,,,,
SHP0000322,2023-01-16,1,1,3,Monday,Winter,FY2022-23,Lucknow,Pune,Uttar Pradesh,Maharashtra,North,West,Lucknow-Pune,640,CAR008,National Fleet,19,0.07211755085549514,0.8961699811552494,Road,5,2,1,10,9.0,Consumer electronics,4,11.2,33253.0,133.2,0.084,1,High,Foam protected,0,2.0,7,15.8,19.5,1.1,86.3,0,3.2,Light Commercial Vehicle,2.9,3000,1.0538916013074182,1,12.0,4.4,0.4,2.6,0,0,1,7.6,3.8,5.6,0,2,4.8,0.081,1,7608.0,3.0,Breakage,12.0
SHP0000323,2023-01-16,1,1,3,Monday,Winter,FY2022-23,Pune,Indore,Maharashtra,Madhya Pradesh,West,Central,Pune-Indore,757,CAR003,Regional 3PL,6,0.08290222387640274,0.86375229661593,Road,4,1,1,8,7.3,Pharmaceuticals,3,30.7,276834.0,90.2,0.34,1,High,Foam protected,0,4.0,1,14.2,19.2,2.6,31.0,0,3.0,Multi-Axle Trailer,1.6,25000,0.7800297210371289,0,8.0,4.9,1.3,4.8,1,0,1,6.9,4.1,9.6,0,1,10.0,0.094,0,,,,
SHP0000324,2023-01-16,1,1,3,Monday,Winter,FY2022-23,Jaipur,Mumbai,Rajasthan,Maharashtra,North,West,Jaipur-Mumbai,683,CAR008,National Fleet,22,0.07510834118555247,0.9019714204888909,Road,5,2,1,10,10.7,Textiles,1,138.0,67572.0,171.4,0.805,2,Standard,Shrink wrap,0,3.0,1,22.5,28.3,0.9,35.7,0,4.3,Multi-Axle Trailer,2.7,25000,0.8607839943188998,0,9.0,2.6,3.7,5.9,0,0,0,6.8,2.4,8.2,0,1,5.5,0.045,0,,,,
SHP0000325,2023-01-16,1,1,3,Monday,Winter,FY2022-23,Lucknow,Jaipur,Uttar Pradesh,Rajasthan,North,North,Lucknow-Jaipur,2216,CAR006,Express Courier,5,0.03007064011318848,0.9696561675548866,Road,6,2,2,12,20.0,FMCG,2,212.4,18819.0,227.9,0.932,11,Standard,Mixed packaging,1,4.0,2,16.2,21.299999999999997,2.8,39.7,0,3.9,Multi-Axle Trailer,6.8,25000,0.9931160437338011,0,6.0,3.6,1.2,4.8,0,0,1,7.2,5.4,9.0,0,2,1.2,0.062,1,1476.0,1.0,Water damage,76.0
SHP0000326,2023-01-16,1,1,3,Monday,Winter,FY2022-23,Mumbai,Lucknow,Maharashtra,Uttar Pradesh,West,North,Mumbai-Lucknow,987,CAR009,Regional 3PL,5,0.18100162823282268,0.7830008072263245,Road,6,2,2,12,16.0,Textiles,1,543.0,79772.0,137.9,3.938,15,Standard,Mixed packaging,1,5.0,1,17.8,25.1,0.8,42.8,0,4.5,Heavy Truck,2.5,16000,0.8266784218185841,0,12.0,4.9,4.1,5.0,0,0,0,6.1,2.5,2.8,0,1,4.8,0.066,0,,,,
SHP0000327,2023-01-16,1,1,3,Monday,Winter,FY2022-23,Pune,Kolkata,Maharashtra,West Bengal,West,East,Pune-Kolkata,2445,CAR009,Regional 3PL,5,0.14378197734525316,0.7686311468386814,Road,6,2,2,12,16.9,Pharmaceuticals,3,18.3,105765.0,87.1,0.21,1,Standard,Bubble wrap,0,5.0,9,13.7,21.5,0.3,53.2,0,3.0,Medium Truck,1.0,9000,0.7886575849697571,0,5.0,4.7,7.8,5.2,1,0,0,7.7,5.8,6.6,0,1,3.5,0.062,0,,,,
SHP0000328,2023-01-16,1,1,3,Monday,Winter,FY2022-23,Jaipur,Lucknow,Rajasthan,Uttar Pradesh,North,North,Jaipur-Lucknow,850,CAR003,Regional 3PL,10,0.0907924810707852,0.8708755330509724,Road,4,1,1,8,11.8,Automotive parts,2,580.3,144166.0,339.4,1.71,45,Standard,Metal frame,1,4.0,14,13.7,20.299999999999997,,55.2,0,4.0,Medium Truck,2.3,9000,0.9745016498055701,0,8.0,4.9,0.1,6.1,0,0,0,9.7,2.7,8.5,0,1,8.8,0.075,0,,,,
SHP0000329,2023-01-16,1,1,3,Monday,Winter,FY2022-23,Chennai,Jaipur,Tamil Nadu,Rajasthan,South,North,Chennai-Jaipur,2367,CAR002,National Fleet,13,0.05280833965707791,0.892908214804656,Road,8,3,3,16,25.3,Glass products,5,470.5,305724.0,291.0,1.617,16,Standard,Corrugated box,1,4.0,7,26.8,32.6,4.4,18.1,0,3.6,Light Commercial Vehicle,9.1,3000,0.821511704703068,0,9.0,3.8,0.1,12.5,0,0,1,6.3,6.3,4.4,0,1,7.9,0.092,0,,,,
SHP0000330,2023-01-16,1,1,3,Monday,Winter,FY2022-23,Lucknow,Kochi,Uttar Pradesh,Kerala,North,South,Lucknow-Kochi,1429,CAR002,National Fleet,14,0.06248997540746827,0.8888298724976029,Road,7,2,3,14,13.0,Machinery components,1,875.9,322805.0,729.9,1.2,19,Standard,Wooden crate,1,5.0,6,10.0,15.5,5.6,62.7,0,3.5,Medium Truck,7.6,9000,0.9576974985771467,0,5.0,4.6,2.4,3.3,0,0,1,9.9,6.3,5.5,0,1,5.1,0.102,0,,,,
SHP0000331,2023-01-16,1,1,3,Monday,Winter,FY2022-23,Bengaluru,Kochi,Karnataka,Kerala,South,South,Bengaluru-Kochi,2231,CAR003,Regional 3PL,9,0.09444402386187965,0.8426539511920248,Road,8,3,3,16,12.5,Glass products,5,195.8,193234.0,249.1,0.786,5,Standard,Bubble wrap,1,3.0,17,18.3,26.1,0.3,47.6,0,5.0,Heavy Truck,7.5,16000,1.0138320197780413,1,8.0,4.3,1.0,10.6,0,0,0,6.3,6.6,5.0,0,2,2.9,0.073,0,,,,
SHP0000332,2023-01-16,1,1,3,Monday,Winter,FY2022-23,Surat,Hyderabad,Gujarat,Telangana,West,South,Surat-Hyderabad,1741,CAR001,National Fleet,15,0.05173872900460231,0.9543976294304845,Road,6,2,2,12,11.9,Glass products,5,54.8,24629.0,229.9,0.238,1,Standard,Bubble wrap,1,5.0,2,23.2,28.1,0.5,38.7,0,2.7,Light Commercial Vehicle,6.8,3000,0.6839525942972651,0,5.0,4.1,7.3,9.0,0,0,0,8.6,4.6,6.0,0,1,5.9,0.062,1,2373.0,3.0,Packaging failure,30.0
SHP0000333,2023-01-16,1,1,3,Monday,Winter,FY2022-23,Pune,Kolkata,Maharashtra,West Bengal,West,East,Pune-Kolkata,2484,CAR010,National Fleet,8,0.047138139331818776,0.987158252341889,Road,7,2,3,14,17.1,Glass products,5,167.7,531179.3535397501,257.9,0.65,8,Standard,Foam protected,1,4.0,81,17.5,20.6,0.6,45.7,0,4.1,Multi-Axle Trailer,1.9,25000,0.7961905489762331,0,13.0,4.1,8.9,19.1,0,0,0,9.3,3.5,3.8,0,1,3.2,0.059,0,,,,
SHP0000334,2023-01-16,1,1,3,Monday,Winter,FY2022-23,Pune,Delhi NCR,Maharashtra,Delhi,West,North,Pune-Delhi NCR,2283,CAR001,National Fleet,17,0.0700122874663582,0.9426949009289283,Road,7,2,3,14,22.0,Furniture,3,318.6,60228.0,69.4,4.591,28,Standard,Bubble wrap,1,2.0,6,17.5,23.4,0.3,31.9,0,2.4,Light Commercial Vehicle,1.5,3000,0.768326961034805,0,7.0,2.4,5.9,6.8,0,0,1,5.4,3.6,8.9,0,1,7.9,0.075,0,,,,
SHP0000335,2023-01-16,1,1,3,Monday,Winter,FY2022-23,Surat,Pune,Gujarat,Maharashtra,West,West,Surat-Pune,1271,CAR009,Regional 3PL,3,0.16144626422640745,0.7531704434914601,Road,6,2,2,12,11.1,Machinery components,1,577.8,186311.0,757.9,0.762,35,Urgent,Wooden crate,1,5.0,4,8.5,15.4,0.7,69.6,0,3.1,Light Commercial Vehicle,5.4,3000,0.7220684109152524,0,6.0,4.9,3.6,6.5,0,0,0,8.5,5.4,6.8,0,1,3.6,0.074,0,,,,
SHP0000336,2023-01-16,1,1,3,Monday,Winter,FY2022-23,Delhi NCR,Lucknow,Delhi,Uttar Pradesh,North,North,Delhi NCR-Lucknow,1061,CAR004,Regional 3PL,3,0.13245530317077092,0.7708253368941165,Road,4,1,1,8,10.3,Pharmaceuticals,3,29.1,127843.0,102.5,0.284,1,Standard,Foam protected,0,4.0,25,18.7,23.799999999999997,3.1,45.7,0,2.6,Medium Truck,4.8,9000,0.7922197426240358,0,6.0,4.9,4.7,2.9,1,0,1,8.9,4.2,3.8,0,1,2.4,0.089,0,,,,
SHP0000337,2023-01-16,1,1,3,Monday,Winter,FY2022-23,Kochi,Delhi NCR,Kerala,Delhi,South,North,Kochi-Delhi NCR,662,CAR010,National Fleet,8,0.06438910071789496,0.950480341401232,Road,4,1,1,8,15.0,FMCG,2,444.6,57842.0,260.4,1.707,43,Standard,Corrugated box,1,3.0,41,21.9,24.299999999999997,2.3,53.2,0,3.9,Medium Truck,3.6,9000,0.9149778636151016,0,6.0,5.0,1.1,8.5,0,0,0,6.0,2.1,4.1,0,1,4.5,0.082,0,,,,
SHP0000338,2023-01-16,1,1,3,Monday,Winter,FY2022-23,Hyderabad,Kochi,Telangana,Kerala,South,South,Hyderabad-Kochi,1422,CAR010,National Fleet,9,0.05123900938694719,0.8986153019213812,Road,7,2,3,14,22.1,Glass products,5,129.6,71816.0,248.3,0.522,2,Standard,Corrugated box,0,4.0,17,18.5,22.6,0.2,57.4,0,5.0,Light Commercial Vehicle,5.9,3000,0.9090034929462901,0,11.0,3.0,5.0,3.5,0,0,0,7.9,6.0,1.8,0,1,5.0,0.05,0,,,,
SHP0000339,2023-01-16,1,1,3,Monday,Winter,FY2022-23,Mumbai,Nagpur,Maharashtra,Maharashtra,West,West,Mumbai-Nagpur,1978,CAR008,National Fleet,21,0.06801650652855046,0.8738967335153631,Multimodal,8,3,3,16,23.8,FMCG,2,120.3,22204.0,266.4,0.452,2,Standard,Bubble wrap,0,3.0,26,,15.3,0.2,51.0,0,2.5,Heavy Truck,2.8,16000,1.0718045861572687,1,5.0,3.8,1.6,9.0,0,0,1,6.3,4.1,2.2,0,2,2.3,0.111,0,,,,
SHP0000340,2023-01-16,1,1,3,Monday,Winter,FY2022-23,Surat,Indore,Gujarat,Madhya Pradesh,West,Central,Surat-Indore,1408,CAR004,Regional 3PL,7,0.12746915866081063,0.7463860696382344,Road,7,2,3,14,23.1,Furniture,3,162.0,43080.0,85.8,1.888,6,High,Mixed packaging,1,4.0,30,19.5,26.6,2.1,59.1,0,2.9,Multi-Axle Trailer,13.4,25000,0.8396046313441675,0,7.0,3.1,3.6,4.8,0,0,1,4.5,3.3,4.2,0,1,9.1,0.051,1,361.0,2.0,Breakage,69.0
SHP0000341,2023-01-16,1,1,3,Monday,Winter,FY2022-23,Jaipur,Kolkata,Rajasthan,West Bengal,North,East,Jaipur-Kolkata,1477,CAR004,Regional 3PL,3,0.12202820714287635,0.8198399719166899,Road,10,4,4,20,15.8,Appliances,3,96.7,46215.0,116.8,0.828,2,Standard,Wooden crate,0,3.0,4,22.8,27.5,0.4,40.5,0,2.7,Light Commercial Vehicle,6.3,3000,1.1218162378613963,1,7.0,4.5,6.3,9.8,0,0,1,7.7,5.9,4.1,0,1,9.3,0.089,0,,,,
SHP0000342,2023-01-16,1,1,3,Monday,Winter,FY2022-23,Jaipur,Hyderabad,Rajasthan,Telangana,North,South,Jaipur-Hyderabad,183,CAR010,National Fleet,11,0.051673782303663526,0.9161190125192166,Road,4,1,1,8,7.1,Appliances,3,222.2,180058.0,134.0,1.658,10,Standard,Corrugated box,1,4.0,2,12.5,16.3,2.0,36.4,0,2.5,Medium Truck,6.2,9000,0.8161362573133286,0,5.0,4.7,5.4,10.0,0,0,0,5.9,1.3,6.8,0,1,5.7,0.068,0,,,,
SHP0000343,2023-01-16,1,1,3,Monday,Winter,FY2022-23,Bengaluru,Nagpur,Karnataka,Maharashtra,South,West,Bengaluru-Nagpur,2348,CAR003,Regional 3PL,7,0.09126786859159951,0.8547827044252291,Road,6,2,2,12,18.9,Automotive parts,2,481.1,182526.0,345.4,1.393,11,High,Corrugated box,1,4.0,0,9.0,16.7,0.7,60.5,0,3.5,Medium Truck,2.9,9000,0.9218971310882255,0,8.0,4.9,3.2,7.5,0,0,1,10.0,6.9,2.2,0,1,5.6,0.052,0,,,,
SHP0000344,2023-01-17,1,1,3,Tuesday,Winter,FY2022-23,Hyderabad,Lucknow,Telangana,Uttar Pradesh,South,North,Hyderabad-Lucknow,1044,CAR004,Regional 3PL,3,0.1247806568889104,0.8098864149329418,Road,4,1,1,8,15.2,Consumer electronics,4,37.5,124408.0,179.0,0.209,1,Standard,Corrugated box,0,5.0,7,21.0,26.5,7.5,60.3,0,3.2,Light Commercial Vehicle,5.2,3000,1.25,1,9.0,5.0,0.7,8.1,0,0,1,7.1,4.8,2.0,0,1,6.6,0.08,0,,,,
SHP0000345,2023-01-17,1,1,3,Tuesday,Winter,FY2022-23,Kochi,Bengaluru,Kerala,Karnataka,South,South,Kochi-Bengaluru,1163,CAR002,National Fleet,14,0.058596160074478945,0.9627977575658201,Road,5,2,1,10,15.9,Machinery components,1,1850.3,381252.0,800.6,2.311,57,High,Metal frame,1,4.0,12,16.9,24.599999999999998,1.2,68.5,0,3.4,Multi-Axle Trailer,10.1,25000,0.8120304907291742,0,11.0,4.4,3.9,8.6,0,0,1,8.7,4.2,3.6,0,1,8.7,0.09,0,,,,
SHP0000346,2023-01-17,1,1,3,Tuesday,Winter,FY2022-23,Bengaluru,Delhi NCR,Karnataka,Delhi,South,North,Bengaluru-Delhi NCR,741,CAR005,Express Courier,12,0.023613937872985415,0.9553319249610259,Road,5,2,1,10,14.6,Consumer electronics,4,54.1,206084.0,166.5,0.325,1,Standard,Corrugated box,1,4.0,9,17.2,21.9,0.5,48.2,0,2.7,Light Commercial Vehicle,5.4,3000,1.1102521203250806,1,10.0,3.9,1.0,2.5,0,0,1,8.4,5.4,6.2,0,1,3.4,0.09,1,1823.0,1.0,Breakage,44.0
SHP0000347,2023-01-17,1,1,3,Tuesday,Winter,FY2022-23,Ahmedabad,Chennai,Gujarat,Tamil Nadu,West,South,Ahmedabad-Chennai,692,CAR006,Express Courier,9,0.04536439695009316,0.9927343194578585,Road,4,1,1,8,8.3,FMCG,2,391.6,44332.0,233.9,1.674,16,Standard,Metal frame,1,4.0,1,9.0,15.8,1.4,35.9,0,4.9,Medium Truck,7.0,9000,0.5725873259622679,0,9.0,4.8,5.4,7.2,0,0,0,8.6,5.3,5.3,0,1,7.6,0.073,0,,,,
SHP0000348,2023-01-17,1,1,3,Tuesday,Winter,FY2022-23,Surat,Kolkata,Gujarat,West Bengal,West,East,Surat-Kolkata,404,CAR006,Express Courier,8,0.033469052015870394,0.9978454954189424,Road,3,1,1,6,10.3,Textiles,1,65.6,18592.0,115.5,0.568,1,Urgent,Plastic crate,0,5.0,6,14.9,19.2,1.9,51.3,0,2.8,Medium Truck,2.1,9000,0.8152848516350958,0,6.0,3.8,6.4,5.5,0,0,0,7.2,2.2,3.0,0,1,7.1,0.079,0,,,,
SHP0000349,2023-01-17,1,1,3,Tuesday,Winter,FY2022-23,Kochi,Mumbai,Kerala,Maharashtra,South,West,Kochi-Mumbai,516,CAR002,National Fleet,11,0.06229449863538854,0.9192324048987388,Road,6,2,2,12,20.0,Glass products,5,271.9,121918.0,241.7,1.125,5,Standard,Bubble wrap,1,5.0,59,11.2,14.0,1.1,44.1,0,4.6,Medium Truck,1.9,9000,1.012638917048133,1,7.0,4.2,9.1,9.8,0,0,0,7.9,2.3,8.3,0,1,1.6,0.062,0,,,,
SHP0000350,2023-01-17,1,1,3,Tuesday,Winter,FY2022-23,Mumbai,Lucknow,Maharashtra,Uttar Pradesh,West,North,Mumbai-Lucknow,941,CAR003,Regional 3PL,6,0.07209585836087319,0.8552277835673767,Road,5,2,1,10,8.7,Pharmaceuticals,3,20.9,136530.0,108.4,0.193,1,Standard,Plastic crate,1,4.0,7,21.5,27.8,0.0,48.0,0,,Medium Truck,6.2,9000,0.5923179857468226,0,7.0,4.1,1.8,21.6,1,0,0,7.2,4.5,5.2,0,2,6.3,0.069,0,,,,
SHP0000351,2023-01-17,1,1,3,Tuesday,Winter,FY2022-23,Kochi,Lucknow,Kerala,Uttar Pradesh,South,North,Kochi-Lucknow,1212,CAR010,National Fleet,8,0.05089791426999532,0.9220448760174794,Road,6,2,2,12,19.9,Textiles,1,152.1,37293.0,145.1,1.048,3,Standard,Mixed packaging,1,3.0,11,19.9,25.099999999999998,3.4,22.5,0,4.7,Heavy Truck,5.1,16000,0.7753518515876068,0,9.0,4.2,8.4,3.2,0,0,1,7.0,6.1,2.0,0,1,4.3,0.091,0,,,,
SHP0000352,2023-01-17,1,1,3,Tuesday,Winter,FY2022-23,Hyderabad,Bengaluru,Telangana,Karnataka,South,South,Hyderabad-Bengaluru,1415,CAR001,National Fleet,14,0.058981114694614804,0.9400264012935895,Road,8,3,3,16,15.0,Pharmaceuticals,3,70.8,461693.0,89.0,0.796,3,Standard,Wooden crate,1,3.0,3,13.7,21.1,0.2,43.4,0,3.6,Medium Truck,6.1,9000,0.6677118491289565,0,7.0,5.0,2.1,7.2,1,1,1,10.0,5.2,4.9,0,1,8.2,0.071,0,,,,
SHP0000353,2023-01-17,1,1,3,Tuesday,Winter,FY2022-23,Pune,Surat,Maharashtra,Gujarat,West,West,Pune-Surat,1570,CAR003,Regional 3PL,8,0.08820765961545003,0.8463636540517329,Road,6,2,2,12,20.3,Industrial equipment,2,978.2,660703.0,682.3,1.434,32,Standard,Metal frame,1,5.0,1,19.2,22.8,8.2,69.4,0,2.2,Light Commercial Vehicle,3.7,3000,1.1857246619874087,1,5.0,3.8,1.7,4.2,0,0,1,6.7,4.5,3.2,0,1,6.4,0.07,0,,,,
SHP0000354,2023-01-17,1,1,3,Tuesday,Winter,FY2022-23,Coimbatore,Mumbai,Tamil Nadu,Maharashtra,South,West,Coimbatore-Mumbai,1433,CAR002,National Fleet,11,0.05881871991185575,0.9643506411215803,Road,7,2,3,14,22.8,Furniture,3,142.9,34635.0,84.9,1.683,6,Standard,Corrugated box,0,4.0,3,10.8,13.0,1.8,45.6,0,4.5,Multi-Axle Trailer,4.2,25000,0.850659735211112,0,8.0,4.5,7.8,3.3,0,0,0,10.0,3.8,6.4,0,1,4.1,0.076,0,,,,
SHP0000355,2023-01-17,1,1,3,Tuesday,Winter,FY2022-23,Indore,Delhi NCR,Madhya Pradesh,Delhi,Central,North,Indore-Delhi NCR,637,CAR002,National Fleet,12,0.0452642716182098,0.9659562738092495,Road,4,1,1,8,15.0,Machinery components,1,949.2,231150.0,721.2,1.316,27,Standard,Wooden crate,0,4.0,0,8.0,12.9,2.1,58.2,0,4.3,Light Commercial Vehicle,13.5,3000,1.0686544211994529,1,6.0,4.9,2.9,3.4,0,0,1,6.4,3.3,4.0,0,1,3.1,0.081,0,,,,
SHP0000356,2023-01-17,1,1,3,Tuesday,Winter,FY2022-23,Nagpur,Lucknow,Maharashtra,Uttar Pradesh,West,North,Nagpur-Lucknow,1795,CAR004,Regional 3PL,7,0.1295702329700474,0.786868172065521,Multimodal,8,3,3,16,28.0,Consumer electronics,4,36.5,39319.0,168.0,0.217,1,Standard,Corrugated box,1,2.0,7,18.4,23.299999999999997,3.0,64.0,0,2.4,Medium Truck,1.4,9000,0.9477378288920562,0,10.0,4.1,6.3,14.0,0,0,0,5.8,3.1,7.2,0,2,5.4,0.09,0,,,,
SHP0000357,2023-01-17,1,1,3,Tuesday,Winter,FY2022-23,Coimbatore,Indore,Tamil Nadu,Madhya Pradesh,South,Central,Coimbatore-Indore,2246,CAR010,National Fleet,11,0.07089066553146861,0.9469345031767299,Road,7,2,3,14,18.0,Pharmaceuticals,3,24.5,166509.0,106.7,0.23,1,Standard,Plastic crate,0,,22,15.9,19.1,0.5,52.6,0,4.6,Heavy Truck,5.1,16000,0.8503449593968586,0,13.0,5.0,0.0,5.3,1,1,0,10.0,4.5,3.6,0,1,8.3,0.057,1,2002.0,2.0,Temperature damage,9.0
SHP0000358,2023-01-17,1,1,3,Tuesday,Winter,FY2022-23,Ahmedabad,Kochi,Gujarat,Kerala,West,South,Ahmedabad-Kochi,2020,CAR008,National Fleet,18,0.05883896805990652,0.8676234517655281,Multimodal,9,3,4,18,26.3,Furniture,3,284.0,100982.0,69.3,4.098,11,Standard,Plastic crate,1,5.0,5,21.9,29.799999999999997,0.1,57.4,0,3.4,Medium Truck,3.0,9000,1.0940361583523501,1,6.0,5.0,2.8,8.9,0,0,0,9.7,6.5,8.1,0,1,9.1,0.111,0,,,,
SHP0000359,2023-01-17,1,1,3,Tuesday,Winter,FY2022-23,Bengaluru,Ahmedabad,Karnataka,Gujarat,South,West,Bengaluru-Ahmedabad,1742,CAR002,National Fleet,11,0.05568062745464543,0.9417844646471226,Road,8,3,3,16,29.5,Automotive parts,2,1544.2,413745.0,384.2,4.019,76,Urgent,Wooden crate,1,3.0,12,21.2,23.599999999999998,2.9,29.4,0,3.8,Heavy Truck,8.9,16000,0.7846128813903572,0,5.0,4.9,1.4,7.3,0,0,1,5.1,4.3,4.5,0,1,1.6,0.056,0,,,,
SHP0000360,2023-01-17,1,1,3,Tuesday,Winter,FY2022-23,Ahmedabad,Mumbai,Gujarat,Maharashtra,West,West,Ahmedabad-Mumbai,1804,CAR001,National Fleet,15,0.04363729552646432,0.9452285855590912,Road,7,2,3,14,18.5,Furniture,3,274.4,45363.0,87.3,3.143,5,Standard,Corrugated box,1,3.0,20,20.7,27.6,0.5,45.4,0,5.0,Medium Truck,1.9,9000,1.0117744652641423,1,11.0,4.5,3.1,6.8,0,0,1,7.4,6.7,5.8,0,1,8.6,0.08,0,,,,
SHP0000361,2023-01-17,1,1,3,Tuesday,Winter,FY2022-23,Chennai,Jaipur,Tamil Nadu,Rajasthan,South,North,Chennai-Jaipur,2366,CAR006,Express Courier,7,0.04202304026521913,0.9651248823926547,Air,8,3,3,16,18.7,FMCG,2,199.4,14076.0,250.4,0.796,4,Standard,Shrink wrap,1,4.0,36,17.4,19.9,1.4,48.4,0,1.8,Medium Truck,1.4,9000,0.9495251612053919,0,15.0,4.3,1.2,8.5,0,0,1,7.7,6.0,3.4,0,1,2.1,0.066,0,,,,
SHP0000362,2023-01-17,1,1,3,Tuesday,Winter,FY2022-23,Lucknow,Kolkata,Uttar Pradesh,West Bengal,North,East,Lucknow-Kolkata,1257,CAR009,Regional 3PL,5,0.1486391276244387,0.7630164736480739,Road,6,2,2,12,14.0,Textiles,1,96.4,18352.0,150.2,0.642,2,Standard,Wooden crate,1,4.0,62,17.8,20.8,,65.2,0,2.8,Light Commercial Vehicle,14.1,3000,1.0105374417122817,1,8.0,3.4,2.4,5.1,0,0,0,9.1,4.4,3.6,0,1,8.6,0.082,0,,,,
SHP0000363,2023-01-17,1,1,3,Tuesday,Winter,FY2022-23,Indore,Mumbai,Madhya Pradesh,Maharashtra,Central,West,Indore-Mumbai,532,CAR002,National Fleet,13,0.07675207090218193,0.8839261446142818,Road,4,1,1,8,15.1,Textiles,1,155.3,71703.0,158.9,0.977,5,Standard,Corrugated box,1,4.0,2,12.8,18.0,3.2,43.2,0,3.8,Light Commercial Vehicle,9.2,3000,0.7236498669070209,0,9.0,3.7,10.4,1.3,0,0,1,8.0,4.2,5.2,0,1,3.5,0.067,0,,,,
SHP0000364,2023-01-17,1,1,3,Tuesday,Winter,FY2022-23,Coimbatore,Lucknow,Tamil Nadu,Uttar Pradesh,South,North,Coimbatore-Lucknow,661,CAR002,National Fleet,12,0.06579069372350067,0.9128529627889765,Road,4,1,1,8,10.3,Industrial equipment,2,1475.7,1413577.0,487.3,3.028,44,Standard,Metal frame,0,2.0,1,,25.4,4.1,64.8,0,2.6,Light Commercial Vehicle,9.0,3000,0.78286096436053,0,,3.5,4.6,3.8,0,0,1,8.5,2.0,5.8,0,1,3.2,0.055,0,,,,
SHP0000365,2023-01-17,1,1,3,Tuesday,Winter,FY2022-23,Pune,Mumbai,Maharashtra,Maharashtra,West,West,Pune-Mumbai,1816,CAR006,Express Courier,8,0.04412280469886758,0.9680246293358363,Multimodal,9,3,4,18,17.3,FMCG,2,220.9,19351.0,272.6,0.81,9,Urgent,Mixed packaging,1,2.0,1,21.9,29.0,2.3,79.2,0,2.7,Heavy Truck,1.3,16000,0.8618019068394446,0,7.0,3.2,4.0,9.2,0,0,1,8.1,5.3,6.0,0,1,6.5,0.079,0,,,,
SHP0000366,2023-01-17,1,1,3,Tuesday,Winter,FY2022-23,Hyderabad,Delhi NCR,Telangana,Delhi,South,North,Hyderabad-Delhi NCR,2020,CAR002,National Fleet,10,0.062242964292707204,0.9023641674048515,Road,8,3,3,16,22.5,Consumer electronics,4,29.5,90730.0,160.8,0.183,1,Standard,Foam protected,0,3.0,3,18.9,26.099999999999998,3.5,63.4,0,2.5,Light Commercial Vehicle,6.6,3000,0.811005634929308,0,11.0,4.8,2.7,4.5,0,0,0,8.4,4.1,6.0,0,2,6.4,0.071,0,,,,
SHP0000367,2023-01-17,1,1,3,Tuesday,Winter,FY2022-23,Chennai,Delhi NCR,Tamil Nadu,Delhi,South,North,Chennai-Delhi NCR,1177,CAR001,National Fleet,17,0.04042059178147186,0.9506586914451145,Road,4,1,1,8,15.7,Machinery components,1,3310.1,462440.0,852.4,3.883,67,High,Wooden crate,0,4.0,25,18.0,22.8,1.3,32.6,0,2.9,Heavy Truck,5.9,16000,0.8644712862132846,0,11.0,5.0,0.2,5.7,0,0,1,6.9,5.9,2.7,0,1,4.3,0.1,1,5574.0,1.0,Missing component,25.0
SHP0000368,2023-01-17,1,1,3,Tuesday,Winter,FY2022-23,Pune,Mumbai,Maharashtra,Maharashtra,West,West,Pune-Mumbai,1790,CAR003,Regional 3PL,9,0.07077909017640549,0.8473484085432536,Road,7,2,3,14,18.4,Pharmaceuticals,3,46.6,313153.0,98.4,0.474,2,Urgent,Corrugated box,1,5.0,11,13.4,15.7,0.5,31.9,0,4.3,Medium Truck,11.9,9000,1.0457817492729362,1,6.0,3.9,5.5,9.3,1,0,1,9.0,3.2,4.6,0,1,9.1,0.074,0,,,,
SHP0000369,2023-01-17,1,1,3,Tuesday,Winter,FY2022-23,Surat,Mumbai,Gujarat,Maharashtra,West,West,Surat-Mumbai,672,CAR002,National Fleet,11,0.05293388836523294,0.8552898627076922,Road,6,2,2,12,10.2,Machinery components,1,1670.4,412299.0,786.7,2.123,40,Standard,Wooden crate,1,3.0,0,20.5,26.1,1.8,72.0,0,4.6,Light Commercial Vehicle,3.4,3000,1.1771557727821067,1,8.0,3.6,1.2,6.3,0,0,1,9.1,4.4,1.0,0,1,7.6,0.094,0,,,,
SHP0000370,2023-01-17,1,1,3,Tuesday,Winter,FY2022-23,Nagpur,Chennai,Maharashtra,Tamil Nadu,West,South,Nagpur-Chennai,2087,CAR003,Regional 3PL,8,0.07919623566273096,0.8709401776477065,Road,8,3,3,16,24.4,Appliances,3,20.5,18844.0,107.1,0.191,1,Standard,Bubble wrap,1,4.0,8,18.5,20.9,0.8,33.2,0,2.0,Light Commercial Vehicle,2.3,3000,0.865008519585815,0,6.0,4.4,1.6,7.6,0,0,1,7.6,6.1,8.5,0,1,8.6,0.084,0,,,,
SHP0000371,2023-01-17,1,1,3,Tuesday,Winter,FY2022-23,Bengaluru,Ahmedabad,Karnataka,Gujarat,South,West,Bengaluru-Ahmedabad,1735,CAR008,National Fleet,22,0.07240413745047439,0.9286499316127453,Road,7,2,3,14,22.5,Appliances,3,43.3,51285.0,110.4,0.392,1,Standard,Wooden crate,0,4.0,24,18.6,21.700000000000003,5.8,33.7,0,,Medium Truck,1.5,9000,0.997373860107849,0,9.0,4.3,4.9,10.9,0,0,0,7.5,6.4,5.3,0,1,5.4,0.068,0,,,,
SHP0000372,2023-01-17,1,1,3,Tuesday,Winter,FY2022-23,Bengaluru,Surat,Karnataka,Gujarat,South,West,Bengaluru-Surat,1036,CAR006,Express Courier,9,0.03020399716345227,0.9904444765289786,Road,4,1,1,8,7.6,Glass products,5,328.2,119203.0,259.3,1.266,12,Urgent,Foam protected,1,2.0,24,18.1,21.8,5.8,63.0,0,3.4,Heavy Truck,4.0,16000,0.8560254391925575,0,2.0,4.7,0.4,2.6,0,0,0,5.4,3.4,5.8,0,1,8.6,0.09,0,,,,
SHP0000373,2023-01-17,1,1,3,Tuesday,Winter,FY2022-23,Hyderabad,Surat,Telangana,Gujarat,South,West,Hyderabad-Surat,1781,CAR002,National Fleet,11,0.03352787837355885,0.9461344671478282,Road,7,2,3,14,15.6,Consumer electronics,4,31.8,35225.0,145.4,0.219,1,High,Foam protected,1,5.0,7,25.4,28.599999999999998,5.5,36.6,0,2.7,Medium Truck,4.4,9000,1.0496197061020163,1,7.0,3.6,1.9,7.5,0,0,0,6.1,6.0,3.2,0,1,5.1,0.106,0,,,,
SHP0000374,2023-01-17,1,1,3,Tuesday,Winter,FY2022-23,Indore,Nagpur,Madhya Pradesh,Maharashtra,Central,West,Indore-Nagpur,1244,CAR004,Regional 3PL,5,0.11050509082523527,0.8230344172479401,Road,8,3,3,16,28.8,Consumer electronics,4,8.8,39103.0,151.9,0.058,1,High,Foam protected,0,3.0,21,14.6,22.6,3.8,47.0,0,5.0,Light Commercial Vehicle,5.5,3000,0.6133226390319725,0,9.0,5.0,0.2,4.5,0,0,0,5.4,3.0,5.9,0,1,5.6,0.079,0,,,,
SHP0000375,2023-01-17,1,1,3,Tuesday,Winter,FY2022-23,Hyderabad,Jaipur,Telangana,Rajasthan,South,North,Hyderabad-Jaipur,785,CAR002,National Fleet,14,0.08101956805971378,0.8699203788111992,Road,5,2,1,10,7.6,Automotive parts,2,426.3,156987.0,382.6,1.114,30,Standard,Mixed packaging,1,3.0,0,13.2,17.9,1.5,65.3,0,4.1,Medium Truck,2.1,9000,0.8984148117230115,0,9.0,4.3,2.5,10.5,0,0,0,6.0,4.5,1.6,0,1,3.2,0.03,0,,,,
SHP0000376,2023-01-18,1,1,3,Wednesday,Winter,FY2022-23,Jaipur,Lucknow,Rajasthan,Uttar Pradesh,North,North,Jaipur-Lucknow,868,CAR005,Express Courier,10,0.043476102423382686,0.9940685260431695,Road,5,2,1,10,15.2,Pharmaceuticals,3,29.3,124866.0,84.9,0.345,1,High,Wooden crate,0,4.0,25,12.4,15.600000000000001,0.2,70.6,0,3.0,Medium Truck,6.7,9000,0.7037580768546213,0,7.0,4.4,3.3,2.0,1,0,0,7.0,5.2,2.8,0,2,7.2,0.07,0,,,,
SHP0000377,2023-01-18,1,1,3,Wednesday,Winter,FY2022-23,Kochi,Bengaluru,Kerala,Karnataka,South,South,Kochi-Bengaluru,1138,CAR002,National Fleet,11,0.05457906851398187,0.8458654740614577,Road,7,2,3,14,23.0,Pharmaceuticals,3,8.5,144239.0,91.3,0.093,1,Standard,Shrink wrap,0,4.0,0,8.9,15.9,0.1,39.7,0,3.6,Light Commercial Vehicle,5.5,3000,0.9070908325956463,0,12.0,4.9,4.0,2.7,1,0,0,8.2,3.5,5.2,0,1,1.4,0.083,0,,,,
SHP0000378,2023-01-18,1,1,3,Wednesday,Winter,FY2022-23,Chennai,Jaipur,Tamil Nadu,Rajasthan,South,North,Chennai-Jaipur,2353,CAR010,National Fleet,9,0.06544499680264713,0.8725837787054173,Road,7,2,3,14,26.9,Appliances,3,33.7,45256.0,113.8,0.296,1,Standard,Plastic crate,0,5.0,14,21.9,24.099999999999998,1.3,49.2,0,4.4,Light Commercial Vehicle,7.9,3000,0.6802249423850337,0,12.0,3.6,1.4,14.2,0,0,0,7.9,4.1,4.9,0,1,3.5,0.076,0,,,,
SHP0000379,2023-01-18,1,1,3,Wednesday,Winter,FY2022-23,Hyderabad,Chennai,Telangana,Tamil Nadu,South,South,Hyderabad-Chennai,2430,CAR002,National Fleet,12,0.05445717868403553,0.9817737630422847,Road,6,2,2,12,9.7,Pharmaceuticals,3,30.6,167166.0,97.3,0.314,2,Standard,Wooden crate,0,4.0,3,19.8,22.5,0.1,51.4,0,4.0,Multi-Axle Trailer,3.7,25000,0.8275305257604096,0,12.0,5.0,3.5,7.3,1,0,0,5.3,6.8,7.9,0,1,6.8,0.068,0,,,,
SHP0000380,2023-01-18,1,1,3,Wednesday,Winter,FY2022-23,Nagpur,Hyderabad,Maharashtra,Telangana,West,South,Nagpur-Hyderabad,248,CAR007,Rail Freight Corp,32,0.07515475152322294,0.8834493195028734,Rail,3,1,1,6,5.1,Consumer electronics,4,98.0,228913.0,150.2,0.652,8,Standard,Bubble wrap,1,5.0,5,21.5,25.2,3.2,54.5,0,3.7,Medium Truck,2.0,9000,0.9687198270653171,0,6.0,3.9,3.4,8.6,0,0,1,9.0,4.9,2.6,0,1,6.9,0.067,0,,,,
SHP0000381,2023-01-18,1,1,3,Wednesday,Winter,FY2022-23,Jaipur,Delhi NCR,Rajasthan,Delhi,North,North,Jaipur-Delhi NCR,2399,CAR003,Regional 3PL,9,0.09294735885705109,0.8609497365266144,Road,8,3,3,16,20.1,Furniture,3,288.4,56305.0,74.3,3.882,8,Standard,Wooden crate,1,3.0,14,20.0,24.5,0.3,71.7,0,3.2,Medium Truck,8.5,9000,0.7403441879719462,0,7.0,3.0,3.6,14.8,0,0,0,8.2,6.1,1.8,0,1,2.0,0.094,0,,,,
SHP0000382,2023-01-18,1,1,3,Wednesday,Winter,FY2022-23,Chennai,Surat,Tamil Nadu,Gujarat,South,West,Chennai-Surat,950,CAR009,Regional 3PL,5,0.13355777559468024,0.7274880644298628,Road,6,2,2,12,20.8,Pharmaceuticals,3,32.4,186000.0,97.7,0.332,1,Standard,Foam protected,0,2.0,22,22.7,25.2,0.3,66.6,0,3.4,Medium Truck,5.1,9000,0.8546415908638327,0,5.0,3.9,0.0,7.0,1,0,1,6.7,5.3,1.0,0,1,7.2,0.081,1,1377.0,3.0,Crushing,25.0
SHP0000383,2023-01-18,1,1,3,Wednesday,Winter,FY2022-23,Surat,Hyderabad,Gujarat,Telangana,West,South,Surat-Hyderabad,1790,CAR003,Regional 3PL,7,0.1141644307170984,0.8314984420987395,Road,7,2,3,14,15.2,Appliances,3,61.3,36174.0,130.3,0.47,1,Standard,Corrugated box,1,3.0,34,16.6,24.5,0.4,74.0,0,4.5,Medium Truck,11.7,9000,0.8542087357448315,0,4.0,3.9,1.1,7.2,0,0,0,10.0,3.8,2.8,0,1,1.4,0.102,0,,,,
SHP0000384,2023-01-18,1,1,3,Wednesday,Winter,FY2022-23,Kochi,Lucknow,Kerala,Uttar Pradesh,South,North,Kochi-Lucknow,1229,CAR001,National Fleet,14,0.052656375639428085,0.9694663002554168,Road,7,2,3,14,20.3,FMCG,2,325.7,53523.0,270.9,1.202,30,Standard,Shrink wrap,0,4.0,62,13.1,16.3,0.6,47.6,0,2.7,Heavy Truck,7.6,16000,1.2367850472689421,1,8.0,3.7,1.5,6.1,0,0,1,7.9,4.4,6.1,0,2,1.1,0.09,0,,,,
SHP0000385,2023-01-18,1,1,3,Wednesday,Winter,FY2022-23,Kochi,Mumbai,Kerala,Maharashtra,South,West,Kochi-Mumbai,473,CAR001,National Fleet,13,0.04678638037178669,0.9333886605482135,Road,5,2,1,10,12.6,Consumer electronics,4,95.1,354467.0,159.7,0.595,8,Standard,Foam protected,0,3.0,8,14.1,16.5,1.0,61.8,0,3.6,Medium Truck,4.9,9000,0.8128856332133119,0,8.0,4.9,1.6,1.7,0,0,1,5.7,3.5,7.2,0,1,7.8,0.077,0,,,,
SHP0000386,2023-01-18,1,1,3,Wednesday,Winter,FY2022-23,Bengaluru,Ahmedabad,Karnataka,Gujarat,South,West,Bengaluru-Ahmedabad,1746,CAR001,National Fleet,14,0.0528435817469104,0.9481756756430931,Road,9,3,4,18,19.7,Glass products,5,231.2,141627.0,273.5,0.845,5,Standard,Foam protected,0,5.0,28,25.2,27.7,6.5,42.2,0,2.9,Light Commercial Vehicle,2.1,3000,0.8456452309311199,0,6.0,3.8,0.2,10.4,0,0,1,9.2,6.5,7.7,0,2,6.8,0.051,1,2164.0,3.0,Breakage,20.0
SHP0000387,2023-01-18,1,1,3,Wednesday,Winter,FY2022-23,Ahmedabad,Coimbatore,Gujarat,Tamil Nadu,West,South,Ahmedabad-Coimbatore,2065,CAR003,Regional 3PL,6,0.09770110178353758,0.8493191389898159,Multimodal,9,3,4,18,34.2,Automotive parts,2,1427.5,171202.0,413.2,3.455,63,Standard,Wooden crate,1,4.0,8,23.4,30.299999999999997,4.2,51.2,0,4.0,Light Commercial Vehicle,1.7,3000,1.1050748018016099,1,7.0,5.0,7.1,5.8,0,0,0,6.9,3.7,3.8,0,1,2.6,0.084,0,,,,
SHP0000388,2023-01-18,1,1,3,Wednesday,Winter,FY2022-23,Ahmedabad,Kochi,Gujarat,Kerala,West,South,Ahmedabad-Kochi,2022,CAR006,Express Courier,6,0.04035822445651692,0.9362973554314736,Air,7,2,3,14,17.2,Machinery components,1,2034.3,611614.0,825.5,2.464,106,High,Wooden crate,0,4.0,18,12.7,15.1,1.0,47.9,0,4.5,Multi-Axle Trailer,12.0,25000,0.7684138606764828,0,6.0,4.0,0.5,4.4,0,0,1,8.5,6.2,1.2,0,1,9.7,0.079,1,155484.0,3.0,Breakage,38.0
SHP0000389,2023-01-18,1,1,3,Wednesday,Winter,FY2022-23,Kolkata,Hyderabad,West Bengal,Telangana,East,South,Kolkata-Hyderabad,2388,CAR005,Express Courier,12,0.03408807324409491,0.9629376480131704,Road,7,2,3,14,11.4,Textiles,1,65.9,28493.0,135.2,0.487,3,Standard,Mixed packaging,1,4.0,1,28.3,35.4,0.7,44.2,0,4.0,Medium Truck,9.5,9000,0.9413622404982619,0,10.0,5.0,0.8,6.9,0,0,1,7.7,4.2,9.9,0,1,9.5,0.042,0,,,,
SHP0000390,2023-01-18,1,1,3,Wednesday,Winter,FY2022-23,Chennai,Pune,Tamil Nadu,Maharashtra,South,West,Chennai-Pune,952,CAR002,National Fleet,12,0.054796526924600054,0.9417881042937729,Road,5,2,1,10,11.1,Machinery components,1,826.9,440680.0,727.3,1.137,35,High,Mixed packaging,1,5.0,13,17.4,19.599999999999998,0.2,50.3,0,2.2,Heavy Truck,5.5,16000,0.8620207995339484,0,9.0,3.9,1.9,22.7,0,0,1,7.1,2.3,7.7,0,2,7.7,0.08,0,,,,
SHP0000391,2023-01-18,1,1,3,Wednesday,Winter,FY2022-23,Chennai,Coimbatore,Tamil Nadu,Tamil Nadu,South,South,Chennai-Coimbatore,781,CAR010,National Fleet,10,0.04533398058540554,0.902567022728404,Road,4,1,1,8,6.7,Consumer electronics,4,59.2,122517.0,170.9,0.346,1,Standard,Bubble wrap,0,5.0,14,22.9,25.099999999999998,1.3,30.8,0,3.1,Medium Truck,4.3,9000,0.8428440343872541,0,9.0,4.7,0.9,2.5,0,0,0,8.0,2.7,8.1,0,1,3.9,0.071,0,,,,
SHP0000392,2023-01-18,1,1,3,Wednesday,Winter,FY2022-23,Coimbatore,Jaipur,Tamil Nadu,Rajasthan,South,North,Coimbatore-Jaipur,920,CAR001,National Fleet,14,0.04848861867921057,0.9530929213759781,Road,6,2,2,12,9.1,Consumer electronics,4,32.6,108656.0,121.4,0.269,1,High,Corrugated box,1,3.0,8,20.9,28.2,1.3,23.4,0,4.1,Light Commercial Vehicle,7.6,3000,0.8119193714463526,0,2.0,4.6,0.7,2.6,0,0,0,4.7,4.5,6.3,0,1,9.6,0.101,0,,,,
SHP0000393,2023-01-18,1,1,3,Wednesday,Winter,FY2022-23,Coimbatore,Bengaluru,Tamil Nadu,Karnataka,South,South,Coimbatore-Bengaluru,1828,CAR006,Express Courier,7,0.037552614277480405,0.9836823399541023,Air,10,4,4,20,34.9,Consumer electronics,4,30.8,59873.0,157.9,0.195,1,Standard,Bubble wrap,0,5.0,2,20.1,24.700000000000003,1.4,73.4,0,4.0,Heavy Truck,2.1,16000,0.7731395016847542,0,9.0,3.6,0.2,4.4,0,0,1,8.3,4.9,4.6,0,1,6.7,0.069,0,,,,
SHP0000394,2023-01-18,1,1,3,Wednesday,Winter,FY2022-23,Jaipur,Mumbai,Rajasthan,Maharashtra,North,West,Jaipur-Mumbai,686,CAR008,National Fleet,18,0.07620192453776738,0.8890117118983352,Road,6,2,2,12,15.2,Glass products,5,86.3,24274.0,221.0,0.39,2,Standard,Bubble wrap,0,5.0,28,18.1,23.6,0.2,39.3,0,2.8,Medium Truck,6.6,9000,0.6148323300173204,0,6.0,3.2,0.5,15.5,0,0,0,6.9,5.5,4.3,0,1,4.9,0.048,0,,,,
SHP0000395,2023-01-18,1,1,3,Wednesday,Winter,FY2022-23,Lucknow,Kolkata,Uttar Pradesh,West Bengal,North,East,Lucknow-Kolkata,1217,CAR010,National Fleet,11,0.04458451775340977,0.9245273734925493,Road,8,3,3,16,14.6,Appliances,3,106.3,82514.0,128.8,0.825,2,Standard,Plastic crate,0,4.0,2,14.5,21.5,0.0,54.9,0,2.8,Medium Truck,2.0,9000,0.8428339852636071,0,6.0,4.7,0.7,8.3,0,0,0,9.1,2.6,6.4,0,2,1.9,0.08,0,,,,
SHP0000396,2023-01-18,1,1,3,Wednesday,Winter,FY2022-23,Ahmedabad,Delhi NCR,Gujarat,Delhi,West,North,Ahmedabad-Delhi NCR,566,CAR003,Regional 3PL,7,0.08729690564153222,0.839487767784427,Road,4,1,1,8,11.4,Furniture,3,97.1,35760.0,74.0,1.312,2,High,Metal frame,0,5.0,21,16.4,23.0,0.6,61.2,0,,Medium Truck,2.2,9000,0.9594863289656544,0,7.0,2.9,6.8,1.2,0,0,0,8.2,2.3,2.0,0,1,7.7,0.081,0,,,,
SHP0000397,2023-01-18,1,1,3,Wednesday,Winter,FY2022-23,Bengaluru,Delhi NCR,Karnataka,Delhi,South,North,Bengaluru-Delhi NCR,705,CAR005,Express Courier,11,0.03858165755109103,0.89598286473475,Road,6,2,2,12,13.5,Consumer electronics,4,33.6,33090.0,145.2,0.231,1,Standard,Foam protected,0,,10,10.9,14.0,1.6,32.5,0,1.8,Medium Truck,3.4,9000,0.8260341180584433,0,7.0,3.2,1.6,1.6,0,0,0,10.0,3.5,4.4,0,1,1.9,0.102,1,4418.0,2.0,Packaging failure,25.0
SHP0000398,2023-01-18,1,1,3,Wednesday,Winter,FY2022-23,Kochi,Lucknow,Kerala,Uttar Pradesh,South,North,Kochi-Lucknow,1243,CAR002,National Fleet,14,0.0513440243474039,0.9443232821497309,Road,6,2,2,12,11.2,Industrial equipment,2,1261.6,490876.0,562.0,2.245,36,High,Metal frame,1,4.0,11,16.2,22.6,3.0,48.9,0,5.0,Light Commercial Vehicle,14.5,3000,0.7463245907738297,0,10.0,5.0,2.1,6.4,0,0,1,7.5,4.9,4.6,0,1,3.5,0.089,0,,,,
SHP0000399,2023-01-18,1,1,3,Wednesday,Winter,FY2022-23,Surat,Nagpur,Gujarat,Maharashtra,West,West,Surat-Nagpur,2003,CAR001,National Fleet,16,0.03555300739694931,0.9659297318887885,Multimodal,8,3,3,16,21.1,Pharmaceuticals,3,15.8,137334.0,84.7,0.187,1,Standard,Metal frame,0,2.0,5,28.5,32.7,0.5,59.8,0,3.9,Light Commercial Vehicle,7.2,3000,0.7551475122908968,0,5.0,1.8,2.5,10.1,1,0,1,5.4,5.1,4.4,0,1,2.5,0.07,0,,,,
SHP0000400,2023-01-18,1,1,3,Wednesday,Winter,FY2022-23,Jaipur,Chennai,Rajasthan,Tamil Nadu,North,South,Jaipur-Chennai,2121,CAR005,Express Courier,9,0.024284961935012207,0.9642440164348856,Air,6,2,2,12,17.7,FMCG,2,133.0,15965.0,219.8,0.605,5,High,Plastic crate,0,3.0,10,16.2,18.5,3.6,40.1,0,4.4,Heavy Truck,3.7,16000,0.7216537206348279,0,11.0,4.0,3.7,6.4,0,0,1,6.1,4.6,3.3,0,1,6.6,0.068,0,,,,
SHP0000401,2023-01-19,1,1,3,Thursday,Winter,FY2022-23,Surat,Hyderabad,Gujarat,Telangana,West,South,Surat-Hyderabad,1770,CAR005,Express Courier,8,0.014137375473094783,0.9626056223098656,Multimodal,10,4,4,20,27.8,Glass products,5,76.7,22717.0,257.0,0.298,2,Standard,Foam protected,1,4.0,19,13.7,21.4,2.8,56.5,0,4.1,Medium Truck,1.9,9000,0.9970130283667166,0,9.0,4.6,1.2,13.5,0,0,0,7.3,3.3,3.4,0,1,9.6,0.094,0,,,,
SHP0000402,2023-01-19,1,1,3,Thursday,Winter,FY2022-23,Hyderabad,Mumbai,Telangana,Maharashtra,South,West,Hyderabad-Mumbai,1953,CAR002,National Fleet,14,0.04700996927690912,0.8948273607168645,Road,6,2,2,12,18.9,Consumer electronics,4,150.9,425769.0,161.4,0.935,3,Standard,Bubble wrap,1,4.0,7,17.9,24.099999999999998,0.9,58.6,0,3.6,Medium Truck,3.0,9000,0.7379839865521071,0,8.0,4.8,1.4,6.2,0,0,1,6.4,3.4,2.2,0,1,3.6,0.083,0,,,,
SHP0000403,2023-01-19,1,1,3,Thursday,Winter,FY2022-23,Chennai,Indore,Tamil Nadu,Madhya Pradesh,South,Central,Chennai-Indore,1684,CAR002,National Fleet,14,0.05606351943578019,0.9174049260573139,Road,7,2,3,14,14.3,Glass products,5,383.6,240644.0,266.4,1.44,19,Standard,Bubble wrap,1,4.0,7,17.2,24.299999999999997,0.1,55.5,0,3.8,Heavy Truck,3.9,16000,0.881422658662036,0,8.0,4.9,6.8,11.3,0,0,1,7.2,5.2,7.8,0,1,9.3,0.094,0,,,,
SHP0000404,2023-01-19,1,1,3,Thursday,Winter,FY2022-23,Mumbai,Bengaluru,Maharashtra,Karnataka,West,South,Mumbai-Bengaluru,2305,CAR002,National Fleet,12,0.057238669465737434,0.9182489562179991,Multimodal,8,3,3,16,25.9,Machinery components,1,983.5,407423.0,736.3,1.336,21,Standard,Wooden crate,1,4.0,4,18.3,22.4,2.7,48.6,0,4.3,Light Commercial Vehicle,13.7,3000,1.0389115117499654,1,8.0,5.0,0.1,15.2,0,0,1,5.9,4.5,3.4,0,1,9.8,0.102,0,,,,
SHP0000405,2023-01-19,1,1,3,Thursday,Winter,FY2022-23,Jaipur,Indore,Rajasthan,Madhya Pradesh,North,Central,Jaipur-Indore,2019,CAR005,Express Courier,10,0.0355283509876069,0.9586807322006962,Road,6,2,2,12,9.5,Machinery components,1,948.3,364307.0,866.6,1.094,46,Standard,Mixed packaging,1,3.0,36,11.0,17.0,0.4,62.5,0,3.9,Medium Truck,1.6,9000,0.902544700404179,0,4.0,3.2,0.5,4.8,0,0,1,8.6,6.6,6.8,0,1,1.1,0.081,0,,,,
SHP0000406,2023-01-19,1,1,3,Thursday,Winter,FY2022-23,Pune,Kolkata,Maharashtra,West Bengal,West,East,Pune-Kolkata,2420,CAR006,Express Courier,8,0.05045089015809503,0.9348652809979342,Multimodal,9,3,4,18,15.0,Furniture,3,124.3,21756.0,81.0,1.535,2,Standard,Foam protected,1,4.0,38,22.3,27.700000000000003,5.7,47.6,0,5.0,Medium Truck,3.5,9000,0.8780875613277647,0,11.0,4.0,4.8,14.6,0,0,0,5.1,7.4,5.0,0,1,8.0,0.078,0,,,,
SHP0000407,2023-01-19,1,1,3,Thursday,Winter,FY2022-23,Indore,Pune,Madhya Pradesh,Maharashtra,Central,West,Indore-Pune,1198,CAR007,Rail Freight Corp,32,0.07757673250792264,0.8848355851715654,Rail,4,1,1,8,9.9,Appliances,3,117.6,44430.0,137.5,0.855,8,High,Shrink wrap,1,4.0,21,22.3,27.9,1.2,62.9,0,3.7,Light Commercial Vehicle,2.6,3000,0.6827501272355952,0,4.0,3.0,5.3,5.7,0,0,0,10.0,3.7,2.0,0,1,8.1,0.077,0,,,,
SHP0000408,2023-01-19,1,1,3,Thursday,Winter,FY2022-23,Delhi NCR,Bengaluru,Delhi,Karnataka,North,South,Delhi NCR-Bengaluru,2409,CAR002,National Fleet,10,0.05872130289102895,0.9746838614989758,Road,7,2,3,14,26.7,Consumer electronics,4,51.3,158952.0,143.3,0.358,1,Standard,Foam protected,0,,8,22.0,25.9,2.7,43.4,0,4.2,Medium Truck,1.7,9000,0.9450502265198519,0,5.0,4.8,2.3,11.3,0,0,0,8.5,6.4,4.1,0,2,6.5,0.093,0,,,,
SHP0000409,2023-01-19,1,1,3,Thursday,Winter,FY2022-23,Surat,Coimbatore,Gujarat,Tamil Nadu,West,South,Surat-Coimbatore,2213,CAR009,Regional 3PL,2,0.14065527251361418,0.7978893366789916,Road,9,3,4,18,26.9,Industrial equipment,2,1765.4,814014.0,653.1,2.703,47,Standard,Mixed packaging,1,3.0,8,18.1,24.1,1.1,43.4,0,4.9,Medium Truck,3.1,9000,0.8113811118516563,0,6.0,5.0,2.7,12.2,0,0,1,3.1,6.1,2.8,0,1,5.4,0.052,0,,,,
SHP0000410,2023-01-19,1,1,3,Thursday,Winter,FY2022-23,Ahmedabad,Nagpur,Gujarat,Maharashtra,West,West,Ahmedabad-Nagpur,251,CAR004,Regional 3PL,5,0.12678127610812184,0.885426177064647,Road,3,1,1,6,5.8,Glass products,5,190.8,68138.0,266.2,0.717,7,Standard,Foam protected,1,5.0,2,14.9,20.3,3.8,52.3,0,3.1,Medium Truck,11.6,9000,1.2205647054727546,1,5.0,2.8,2.5,0.9,0,0,0,7.6,2.0,5.6,0,1,3.9,0.072,0,,,,
SHP0000411,2023-01-19,1,1,3,Thursday,Winter,FY2022-23,Bengaluru,Ahmedabad,Karnataka,Gujarat,South,West,Bengaluru-Ahmedabad,1720,CAR005,Express Courier,11,0.021109353841600207,0.9262592540799308,Road,6,2,2,12,17.2,Textiles,1,134.7,55246.0,142.6,0.945,3,Standard,Bubble wrap,0,4.0,9,13.1,18.1,7.9,51.2,0,2.2,Medium Truck,9.8,9000,0.7602858280791671,0,6.0,3.6,3.0,5.7,0,0,0,8.8,3.5,1.0,0,1,6.5,0.056,0,,,,
SHP0000412,2023-01-19,1,1,3,Thursday,Winter,FY2022-23,Kochi,Indore,Kerala,Madhya Pradesh,South,Central,Kochi-Indore,1478,CAR002,National Fleet,13,0.07905637291211046,0.9468821093720405,Road,7,2,3,14,26.3,Glass products,5,67.6,41624.0,276.6,0.244,2,Urgent,Foam protected,0,2.0,0,21.2,25.799999999999997,2.3,55.5,0,4.0,Medium Truck,15.8,9000,0.804170324750924,0,9.0,4.6,3.9,3.6,0,0,0,7.3,3.6,8.1,0,1,5.3,0.124,1,1750.0,2.0,Crushing,6.0
SHP0000413,2023-01-19,1,1,3,Thursday,Winter,FY2022-23,Pune,Indore,Maharashtra,Madhya Pradesh,West,Central,Pune-Indore,736,CAR003,Regional 3PL,7,0.07952815787730065,0.8740269049400987,Road,6,2,2,12,23.4,Machinery components,1,1021.6,129093.0,818.4,1.248,30,High,Metal frame,1,5.0,15,16.8,24.3,0.7,44.8,0,3.4,Light Commercial Vehicle,9.0,3000,0.6935797135241042,0,5.0,5.0,0.3,8.5,0,0,0,9.5,3.4,5.0,0,1,8.2,0.078,0,,,,
SHP0000414,2023-01-19,1,1,3,Thursday,Winter,FY2022-23,Kolkata,Hyderabad,West Bengal,Telangana,East,South,Kolkata-Hyderabad,2413,CAR001,National Fleet,17,0.04245154922989111,0.9596003439797557,Road,7,2,3,14,21.2,Furniture,3,204.5,41447.0,83.7,2.443,4,High,Shrink wrap,0,2.0,26,19.0,25.8,1.6,57.2,0,2.9,Medium Truck,15.0,9000,0.7657985438544399,0,8.0,5.0,3.6,14.0,0,0,0,7.7,4.9,4.3,0,1,2.2,0.051,1,475.0,3.0,Breakage,23.0
SHP0000415,2023-01-19,1,1,3,Thursday,Winter,FY2022-23,Bengaluru,Kolkata,Karnataka,West Bengal,South,East,Bengaluru-Kolkata,1640,CAR005,Express Courier,12,0.026755342521993783,0.9909455632888003,Air,7,2,3,14,23.8,Pharmaceuticals,3,57.5,485855.0,118.0,0.487,4,High,Mixed packaging,0,4.0,7,15.3,22.8,2.5,33.9,0,4.5,Light Commercial Vehicle,1.7,3000,0.942776531060071,0,9.0,3.9,0.4,6.7,1,0,1,6.1,5.1,2.8,1,1,6.9,0.058,0,,,,
SHP0000416,2023-01-19,1,1,3,Thursday,Winter,FY2022-23,Surat,Kolkata,Gujarat,West Bengal,West,East,Surat-Kolkata,447,CAR007,Rail Freight Corp,32,0.07779430406733888,0.8677175053816332,Rail,2,0,1,4,6.7,FMCG,2,150.5,12137.0,244.8,0.615,4,Standard,Corrugated box,1,,2,26.4,32.3,0.5,34.0,0,,Medium Truck,6.8,9000,0.9895461749882295,0,9.0,2.9,5.9,6.3,0,0,1,8.3,3.1,7.1,0,1,1.3,0.085,0,,,,
SHP0000417,2023-01-19,1,1,3,Thursday,Winter,FY2022-23,Nagpur,Bengaluru,Maharashtra,Karnataka,West,South,Nagpur-Bengaluru,1500,CAR005,Express Courier,11,0.0283098397436376,0.9398662431201454,Road,6,2,2,12,13.2,FMCG,2,718.6,88683.0,229.0,3.138,25,Standard,Mixed packaging,0,5.0,33,14.1,20.5,2.1,42.6,0,3.9,Multi-Axle Trailer,2.2,25000,1.0341063680585738,1,13.0,3.9,2.5,11.9,0,0,0,9.5,5.9,5.7,0,1,7.6,0.08,0,,,,
SHP0000418,2023-01-19,1,1,3,Thursday,Winter,FY2022-23,Nagpur,Kolkata,Maharashtra,West Bengal,West,East,Nagpur-Kolkata,1817,CAR003,Regional 3PL,6,0.09414888873559157,0.8342094053074591,Multimodal,11,4,5,22,29.8,Appliances,3,100.6,144105.0,115.4,0.872,2,Standard,Foam protected,1,5.0,3,14.8,22.3,1.6,40.9,0,5.0,Light Commercial Vehicle,1.9,3000,1.0504463995715776,1,9.0,5.0,3.2,6.8,0,0,0,7.9,3.0,9.2,0,1,6.5,0.1,0,,,,
SHP0000419,2023-01-19,1,1,3,Thursday,Winter,FY2022-23,Hyderabad,Lucknow,Telangana,Uttar Pradesh,South,North,Hyderabad-Lucknow,1023,CAR008,National Fleet,20,0.06931986143597482,0.9330508584783423,Road,6,2,2,12,10.7,Industrial equipment,2,456.9,522602.0,564.3,0.81,19,Standard,Metal frame,1,5.0,15,14.1,16.7,1.6,74.5,0,4.7,Medium Truck,4.6,9000,1.1264835115837422,1,5.0,4.5,1.4,4.8,0,0,1,6.7,6.0,5.1,0,1,7.5,0.095,0,,,,
SHP0000420,2023-01-19,1,1,3,Thursday,Winter,FY2022-23,Coimbatore,Jaipur,Tamil Nadu,Rajasthan,South,North,Coimbatore-Jaipur,949,CAR001,National Fleet,17,0.052133200030226846,0.9553248080532599,Road,6,2,2,12,13.1,Furniture,3,73.8,23401.0,83.3,0.886,1,Standard,Wooden crate,1,,2,16.8,23.6,3.3,62.0,0,3.8,Light Commercial Vehicle,7.6,3000,0.9247205017871415,0,3.0,4.1,0.9,4.7,0,0,0,6.2,2.0,5.2,0,1,5.0,0.106,0,,,,
SHP0000421,2023-01-19,1,1,3,Thursday,Winter,FY2022-23,Pune,Surat,Maharashtra,Gujarat,West,West,Pune-Surat,1557,CAR002,National Fleet,10,0.059964095263412905,0.9295537181881536,Multimodal,8,3,3,16,18.6,Automotive parts,2,978.8,164451.0,359.2,2.725,70,Standard,Metal frame,1,4.0,8,18.1,20.400000000000002,0.6,68.6,0,3.3,Medium Truck,0.7,9000,0.9730514395967043,0,12.0,4.7,3.6,16.1,0,0,1,7.9,5.1,1.0,0,1,8.6,0.082,0,,,,
SHP0000422,2023-01-19,1,1,3,Thursday,Winter,FY2022-23,Mumbai,Nagpur,Maharashtra,Maharashtra,West,West,Mumbai-Nagpur,2012,CAR001,National Fleet,14,0.052425826562948225,0.9411810773475116,Road,8,3,3,16,30.1,Furniture,3,169.7,38205.0,78.1,2.173,3,Standard,Mixed packaging,1,4.0,29,18.1,20.700000000000003,1.3,61.1,0,4.2,Medium Truck,4.6,9000,0.750445017884166,0,1.0,3.7,0.9,8.0,0,0,0,8.8,3.2,9.1,0,2,5.9,0.081,0,,,,
SHP0000423,2023-01-19,1,1,3,Thursday,Winter,FY2022-23,Lucknow,Surat,Uttar Pradesh,Gujarat,North,West,Lucknow-Surat,1846,CAR003,Regional 3PL,7,0.08852103256926845,0.8482066816261363,Road,7,2,3,14,17.0,Machinery components,1,2089.4,595884.0,776.5,2.691,42,Standard,Wooden crate,1,3.0,1,19.3,22.6,1.0,42.8,0,4.8,Heavy Truck,18.6,16000,0.9045799285057274,0,12.0,4.8,0.3,6.0,0,0,1,7.7,4.1,6.3,0,1,5.6,0.094,1,7193.0,1.0,Breakage,33.0
SHP0000424,2023-01-19,1,1,3,Thursday,Winter,FY2022-23,Ahmedabad,Lucknow,Gujarat,Uttar Pradesh,West,North,Ahmedabad-Lucknow,1370,CAR002,National Fleet,11,0.055347963000252104,0.880541265333788,Road,7,2,3,14,19.5,Textiles,1,44.0,6411.0,165.9,0.265,2,Urgent,Mixed packaging,0,4.0,60,17.7,21.4,2.9,41.8,0,4.4,Light Commercial Vehicle,1.6,3000,0.7403041253427088,0,5.0,2.9,0.6,5.6,0,0,1,7.9,4.4,4.7,0,1,3.8,0.068,0,,,,
SHP0000425,2023-01-19,1,1,3,Thursday,Winter,FY2022-23,Chennai,Bengaluru,Tamil Nadu,Karnataka,South,South,Chennai-Bengaluru,2460,CAR006,Express Courier,8,0.03630517257118882,0.9618874341242852,Road,8,3,3,16,18.3,FMCG,2,595.0,69056.0,251.2,2.369,17,Urgent,Mixed packaging,1,4.0,19,17.0,24.7,4.6,46.5,0,1.9,Light Commercial Vehicle,2.3,3000,0.7861757940321901,0,6.0,4.7,2.1,16.0,0,0,0,7.8,6.0,6.1,0,1,8.5,0.078,0,,,,
SHP0000426,2023-01-19,1,1,3,Thursday,Winter,FY2022-23,Lucknow,Indore,Uttar Pradesh,Madhya Pradesh,North,Central,Lucknow-Indore,2145,CAR001,National Fleet,17,0.053965723264676274,0.9377782977418951,Road,8,3,3,16,18.0,Pharmaceuticals,3,58.3,557854.0,80.5,0.724,1,Standard,Foam protected,0,5.0,14,22.9,28.9,2.1,13.9,0,1.9,Medium Truck,2.4,9000,1.1133982269096525,1,7.0,3.0,3.6,31.4,1,0,1,9.2,3.5,4.6,0,1,7.0,0.118,0,,,,
SHP0000427,2023-01-19,1,1,3,Thursday,Winter,FY2022-23,Indore,Kolkata,Madhya Pradesh,West Bengal,Central,East,Indore-Kolkata,2224,CAR001,National Fleet,14,0.06176208008065658,1.0,Road,9,3,4,18,34.4,Industrial equipment,2,403.7,88239.0,561.6,0.719,11,Urgent,Metal frame,1,2.0,1,20.4,27.9,0.3,53.8,0,2.2,Medium Truck,3.7,9000,0.9096335186011256,0,4.0,3.5,2.0,10.6,0,0,1,5.2,6.1,5.0,1,1,5.1,0.055,0,,,,
SHP0000428,2023-01-19,1,1,3,Thursday,Winter,FY2022-23,Kochi,Kolkata,Kerala,West Bengal,South,East,Kochi-Kolkata,1018,CAR005,Express Courier,11,0.030239543852933388,0.9834498546776224,Air,4,1,1,8,7.8,Consumer electronics,4,35.2,128308.0,181.4,0.194,1,High,Foam protected,0,4.0,8,19.6,22.1,1.4,63.6,0,3.3,Heavy Truck,1.1,16000,0.8698583702027205,0,6.0,2.3,8.7,7.0,0,0,0,9.9,2.4,5.5,0,1,6.3,0.071,0,,,,
SHP0000429,2023-01-19,1,1,3,Thursday,Winter,FY2022-23,Ahmedabad,Nagpur,Gujarat,Maharashtra,West,West,Ahmedabad-Nagpur,276,CAR007,Rail Freight Corp,30,0.07637945437116384,0.8989650965009416,Rail,2,0,1,4,8.0,Consumer electronics,4,36.2,154915.0,140.2,0.258,1,High,Foam protected,0,4.0,10,21.6,25.8,1.1,65.5,0,2.5,Medium Truck,5.3,9000,0.7818760417611869,0,7.0,3.6,2.8,8.2,0,0,0,6.5,1.5,2.5,0,1,2.4,0.062,0,,,,
SHP0000430,2023-01-19,1,1,3,Thursday,Winter,FY2022-23,Ahmedabad,Nagpur,Gujarat,Maharashtra,West,West,Ahmedabad-Nagpur,242,CAR004,Regional 3PL,3,0.12680833786367224,0.8503132672323106,Road,3,1,1,6,5.8,Textiles,1,96.2,42466.0,154.1,0.624,4,High,Mixed packaging,0,5.0,8,20.8,23.0,,72.9,0,3.9,Medium Truck,10.7,9000,0.7665025740517363,0,9.0,4.8,3.1,1.8,0,0,1,5.2,4.9,5.2,0,1,5.3,0.051,1,9816.0,4.0,Breakage,29.0
SHP0000431,2023-01-19,1,1,3,Thursday,Winter,FY2022-23,Indore,Kolkata,Madhya Pradesh,West Bengal,Central,East,Indore-Kolkata,2240,CAR002,National Fleet,10,0.059960098985948375,0.933619273665002,Multimodal,9,3,4,18,19.4,Furniture,3,440.7,94218.0,86.2,5.113,10,Standard,Plastic crate,1,5.0,0,19.4,24.299999999999997,1.2,54.3,0,3.1,Medium Truck,2.3,9000,1.2118454449425173,1,7.0,4.8,7.7,13.0,0,0,0,5.8,6.7,4.2,0,1,3.8,0.089,0,,,,
SHP0000432,2023-01-20,1,1,3,Friday,Winter,FY2022-23,Hyderabad,Mumbai,Telangana,Maharashtra,South,West,Hyderabad-Mumbai,1941,CAR004,Regional 3PL,5,0.11832649990092008,0.8138530162692668,Road,7,2,3,14,17.5,Furniture,3,227.8,65474.0,63.7,3.576,4,High,Plastic crate,0,4.0,25,22.9,28.599999999999998,1.8,67.4,0,5.0,Multi-Axle Trailer,10.1,25000,0.7931453552905756,0,5.0,3.8,2.4,12.5,0,0,0,10.0,3.5,4.9,0,1,4.5,0.095,0,,,,
SHP0000433,2023-01-20,1,1,3,Friday,Winter,FY2022-23,Kolkata,Bengaluru,West Bengal,Karnataka,East,South,Kolkata-Bengaluru,2346,CAR003,Regional 3PL,7,0.08356444514385306,0.8805488283472064,Road,6,2,2,12,23.6,Machinery components,1,605.7,110855.0,729.6,0.83,48,Standard,Metal frame,0,3.0,13,,12.5,0.0,57.3,0,4.8,Medium Truck,6.7,9000,0.7606995285486273,0,8.0,5.0,4.4,9.4,0,0,0,6.5,4.8,3.1,0,1,1.3,0.073,0,,,,
SHP0000434,2023-01-20,1,1,3,Friday,Winter,FY2022-23,Kolkata,Pune,West Bengal,Maharashtra,East,West,Kolkata-Pune,1644,CAR002,National Fleet,13,0.0666950458142766,0.9511639904352516,Road,6,2,2,12,19.3,Furniture,3,218.4,39850.0,69.5,3.142,21,Standard,Mixed packaging,1,4.0,8,17.2,24.4,5.5,38.1,0,3.8,Medium Truck,7.0,9000,0.8368992734737308,0,7.0,4.5,0.4,7.0,0,0,0,9.4,4.3,6.3,0,2,4.2,0.097,0,,,,
SHP0000435,2023-01-20,1,1,3,Friday,Winter,FY2022-23,Hyderabad,Nagpur,Telangana,Maharashtra,South,West,Hyderabad-Nagpur,908,CAR004,Regional 3PL,3,0.11673672029938252,0.7358368062031674,Road,4,1,1,8,10.5,Automotive parts,2,545.0,98817.0,463.9,1.175,11,Standard,Mixed packaging,1,4.0,0,18.1,21.400000000000002,0.1,76.8,0,4.7,Light Commercial Vehicle,3.2,3000,1.1483924345814556,1,7.0,4.1,2.2,12.5,0,0,0,6.0,4.9,3.4,0,1,7.6,0.035,0,,,,
SHP0000436,2023-01-20,1,1,3,Friday,Winter,FY2022-23,Hyderabad,Kochi,Telangana,Kerala,South,South,Hyderabad-Kochi,1459,CAR006,Express Courier,8,0.028949061160864667,0.9759687368421172,Air,7,2,3,14,13.4,Automotive parts,2,325.5,98479.0,451.8,0.72,12,Standard,Bubble wrap,1,5.0,2,14.6,19.5,0.1,10.3,0,4.0,Light Commercial Vehicle,6.5,3000,1.1243807630619236,1,5.0,5.0,1.1,14.8,0,0,0,8.0,4.4,4.3,0,2,8.5,0.046,0,,,,
SHP0000437,2023-01-20,1,1,3,Friday,Winter,FY2022-23,Ahmedabad,Jaipur,Gujarat,Rajasthan,West,North,Ahmedabad-Jaipur,881,CAR005,Express Courier,8,0.019912791484404294,0.9721670623008399,Road,4,1,1,8,15.7,Appliances,3,104.1,105456.0,126.0,0.826,4,Standard,Metal frame,0,3.0,1,20.2,23.0,0.6,32.3,0,3.8,Heavy Truck,5.6,16000,1.050276194514471,1,12.0,4.7,6.8,2.6,0,0,0,7.3,2.7,5.2,0,1,5.7,0.045,0,,,,
SHP0000438,2023-01-20,1,1,3,Friday,Winter,FY2022-23,Pune,Ahmedabad,Maharashtra,Gujarat,West,West,Pune-Ahmedabad,1958,CAR001,National Fleet,14,0.04174519251549022,0.8886501364061605,Road,6,2,2,12,11.6,Appliances,3,80.9,99821.0,122.4,0.661,1,High,Corrugated box,0,5.0,8,24.2,31.1,0.7,49.0,0,3.5,Medium Truck,5.4,9000,1.0638413077263045,1,8.0,5.0,0.7,11.2,0,0,0,6.1,6.8,3.5,0,2,8.7,0.045,1,5398.0,1.0,Breakage,49.0
SHP0000439,2023-01-20,1,1,3,Friday,Winter,FY2022-23,Chennai,Indore,Tamil Nadu,Madhya Pradesh,South,Central,Chennai-Indore,1669,CAR002,National Fleet,11,0.05954065696735571,0.9371269624624105,Road,6,2,2,12,9.3,Pharmaceuticals,3,64.1,459648.0,101.5,0.632,1,Urgent,Mixed packaging,0,5.0,7,24.3,27.8,0.8,58.8,0,3.3,Medium Truck,2.3,9000,0.8678605582279378,0,9.0,4.8,0.1,6.2,1,0,1,10.0,5.3,5.2,0,2,4.3,0.09,1,21324.0,1.0,Missing component,19.0
SHP0000440,2023-01-20,1,1,3,Friday,Winter,FY2022-23,Delhi NCR,Pune,Delhi,Maharashtra,North,West,Delhi NCR-Pune,1850,CAR001,National Fleet,17,0.05044565795209892,0.9766123964481769,Multimodal,10,4,4,20,27.3,Industrial equipment,2,751.2,368567.0,552.1,1.361,17,High,Metal frame,0,,3,15.3,19.3,0.3,51.8,0,2.3,Heavy Truck,6.4,16000,1.197033590567525,1,6.0,4.4,3.3,9.9,0,0,1,8.8,3.3,5.6,0,1,3.7,0.076,0,,,,
SHP0000441,2023-01-20,1,1,3,Friday,Winter,FY2022-23,Kolkata,Kochi,West Bengal,Kerala,East,South,Kolkata-Kochi,975,CAR004,Regional 3PL,4,0.12752504714639545,0.7841709655655801,Road,4,1,1,8,9.5,Glass products,5,80.1,31021.0,285.7,0.28,2,Standard,Corrugated box,0,4.0,6,20.2,24.2,0.1,56.5,0,2.8,Medium Truck,1.8,9000,0.931678484548678,0,11.0,4.2,0.2,2.8,0,0,0,9.0,3.5,4.6,0,1,1.4,0.075,0,,,,
SHP0000442,2023-01-21,1,1,3,Saturday,Winter,FY2022-23,Bengaluru,Surat,Karnataka,Gujarat,South,West,Bengaluru-Surat,1018,CAR008,National Fleet,22,0.06990050698539911,0.8859320925605336,Road,5,2,1,10,15.3,Appliances,3,91.6,122279.0,130.4,0.702,2,High,Mixed packaging,0,3.0,37,18.5,22.1,2.7,60.9,0,4.1,Multi-Axle Trailer,4.7,25000,0.5637643186798987,0,11.0,4.8,0.4,5.5,0,0,0,8.5,5.9,8.4,0,1,9.5,0.102,0,,,,
SHP0000443,2023-01-21,1,1,3,Saturday,Winter,FY2022-23,Delhi NCR,Nagpur,Delhi,Maharashtra,North,West,Delhi NCR-Nagpur,2119,CAR004,Regional 3PL,4,0.11835229937257637,0.8313476676117068,Road,7,2,3,14,11.3,Furniture,3,169.1,18803.0,67.3,2.513,4,Standard,Shrink wrap,1,5.0,1,16.8,19.2,5.2,52.1,0,2.6,Heavy Truck,9.3,16000,0.8315909039916227,0,7.0,3.5,1.1,6.8,0,0,0,7.8,4.8,6.5,0,1,9.9,0.098,1,267.0,1.0,Missing component,34.0
SHP0000444,2023-01-21,1,1,3,Saturday,Winter,FY2022-23,Nagpur,Ahmedabad,Maharashtra,Gujarat,West,West,Nagpur-Ahmedabad,2186,CAR010,National Fleet,10,0.059726454090536375,0.9496293446334996,Road,8,3,3,16,15.6,Textiles,1,197.8,83499.0,139.6,1.417,12,High,Plastic crate,0,4.0,25,23.1,26.1,2.1,58.1,0,2.6,Light Commercial Vehicle,7.3,3000,0.9658111765574512,0,10.0,5.0,1.2,12.6,0,0,1,5.2,5.6,7.2,0,1,8.8,0.109,1,8096.0,2.0,Crushing,15.0
SHP0000445,2023-01-21,1,1,3,Saturday,Winter,FY2022-23,Kochi,Nagpur,Kerala,Maharashtra,South,West,Kochi-Nagpur,1355,CAR008,National Fleet,22,0.06882597443582963,0.8368115813243503,Road,6,2,2,12,17.5,Machinery components,1,1521.0,333460.0,644.5,2.36,92,High,Wooden crate,1,3.0,3,17.4,23.2,2.7,52.2,0,3.1,Light Commercial Vehicle,2.5,3000,0.898149133814539,0,,3.0,0.3,7.3,0,0,1,8.7,5.2,6.5,0,2,6.9,0.09,0,,,,
SHP0000446,2023-01-21,1,1,3,Saturday,Winter,FY2022-23,Lucknow,Indore,Uttar Pradesh,Madhya Pradesh,North,Central,Lucknow-Indore,2110,CAR003,Regional 3PL,10,0.09639243974944917,0.8712419740048467,Road,6,2,2,12,17.3,Furniture,3,160.8,51961.0,79.6,2.02,10,High,Mixed packaging,1,3.0,13,13.9,16.2,0.3,26.7,0,4.0,Medium Truck,2.6,9000,0.840893966928088,0,7.0,5.0,5.4,7.8,0,0,0,6.7,5.8,4.8,0,1,10.0,0.091,0,,,,
SHP0000447,2023-01-21,1,1,3,Saturday,Winter,FY2022-23,Ahmedabad,Chennai,Gujarat,Tamil Nadu,West,South,Ahmedabad-Chennai,742,CAR010,National Fleet,10,0.0561114176470086,0.9913519921129628,Road,5,2,1,10,10.0,Pharmaceuticals,3,41.5,271753.0,103.8,0.4,1,High,Bubble wrap,1,3.0,6,16.1,19.6,1.5,60.6,0,3.3,Heavy Truck,5.8,16000,0.6898385105169375,0,10.0,4.5,0.5,4.1,1,0,1,9.4,4.9,6.3,0,1,4.6,0.096,1,32918.0,1.0,Other,18.0
SHP0000448,2023-01-21,1,1,3,Saturday,Winter,FY2022-23,Lucknow,Hyderabad,Uttar Pradesh,Telangana,North,South,Lucknow-Hyderabad,1692,CAR006,Express Courier,7,0.03451280729048534,0.9838148890525513,Road,8,3,3,16,23.8,Automotive parts,2,726.7,569507.0,314.5,2.311,15,High,Mixed packaging,1,5.0,5,,31.2,7.1,63.1,0,1.0,Light Commercial Vehicle,6.7,3000,1.036461011091797,1,12.0,3.8,4.8,4.6,0,0,1,5.4,5.5,2.7,0,1,2.6,0.092,0,,,,
SHP0000449,2023-01-21,1,1,3,Saturday,Winter,FY2022-23,Pune,Jaipur,Maharashtra,Rajasthan,West,North,Pune-Jaipur,939,CAR010,National Fleet,7,0.07264346104022315,1.0,Road,4,1,1,8,14.0,Glass products,5,154.3,128906.0,249.9,0.617,6,Standard,Foam protected,0,4.0,10,15.9,21.7,0.5,48.4,0,2.5,Medium Truck,6.7,9000,0.8405986175145822,0,12.0,5.0,1.3,5.7,0,0,0,5.7,3.8,3.0,0,1,8.6,0.077,1,9832.0,3.0,Breakage,69.0
SHP0000450,2023-01-21,1,1,3,Saturday,Winter,FY2022-23,Kolkata,Mumbai,West Bengal,Maharashtra,East,West,Kolkata-Mumbai,598,CAR001,National Fleet,14,0.07075527645159653,0.9471824727778948,Road,5,2,1,10,12.8,Automotive parts,2,191.2,33643.0,413.2,0.463,5,Standard,Wooden crate,1,4.0,7,22.8,28.0,1.5,62.3,0,3.4,Light Commercial Vehicle,17.6,3000,0.9706278830307145,0,9.0,5.0,1.4,5.4,0,0,0,9.4,4.9,3.8,0,1,4.8,0.088,0,,,,
SHP0000451,2023-01-21,1,1,3,Saturday,Winter,FY2022-23,Surat,Delhi NCR,Gujarat,Delhi,West,North,Surat-Delhi NCR,1309,CAR005,Express Courier,8,0.027091486777107654,0.9764321994306112,Air,8,3,3,16,14.4,Industrial equipment,2,2013.8,1405725.0,629.0,3.202,50,Standard,Wooden crate,1,3.0,37,15.1,19.7,1.4,64.0,0,5.0,Medium Truck,1.8,9000,0.8385128559193983,0,11.0,3.8,4.6,5.5,0,0,1,5.9,3.2,6.5,0,1,9.4,0.111,0,,,,
SHP0000452,2023-01-21,1,1,3,Saturday,Winter,FY2022-23,Coimbatore,Hyderabad,Tamil Nadu,Telangana,South,South,Coimbatore-Hyderabad,1442,CAR010,National Fleet,8,0.05056565274707024,0.9470705593304708,Road,7,2,3,14,14.5,FMCG,2,1041.4,115659.0,247.2,4.213,79,Standard,Wooden crate,0,4.0,7,17.3,20.400000000000002,0.5,51.7,0,2.9,Medium Truck,10.2,9000,1.199579084769693,1,9.0,3.8,3.2,3.3,0,0,0,8.4,5.5,4.7,0,1,7.7,0.072,0,,,,
SHP0000453,2023-01-21,1,1,3,Saturday,Winter,FY2022-23,Pune,Hyderabad,Maharashtra,Telangana,West,South,Pune-Hyderabad,1602,CAR006,Express Courier,9,0.01476551045217226,1.0,Road,7,2,3,14,12.2,Machinery components,1,2481.5,816546.0,834.2,2.975,55,Standard,Wooden crate,1,3.0,22,15.2,20.799999999999997,3.0,47.8,0,3.7,Heavy Truck,3.7,16000,0.9627633973595966,0,5.0,4.5,0.7,4.8,0,0,1,5.5,4.5,5.1,0,1,2.3,0.097,0,,,,
SHP0000454,2023-01-21,1,1,3,Saturday,Winter,FY2022-23,Ahmedabad,Nagpur,Gujarat,Maharashtra,West,West,Ahmedabad-Nagpur,249,CAR010,National Fleet,9,0.04662799840613762,0.9601937368185245,Road,3,1,1,6,11.3,Consumer electronics,4,49.3,207082.0,149.5,0.33,1,High,Corrugated box,1,4.0,0,15.3,19.700000000000003,4.4,59.9,0,1.8,Medium Truck,8.8,9000,0.5573847380229742,0,7.0,4.6,2.9,3.9,0,0,1,7.8,3.9,4.5,0,1,6.4,0.068,0,,,,
SHP0000455,2023-01-21,1,1,3,Saturday,Winter,FY2022-23,Delhi NCR,Ahmedabad,Delhi,Gujarat,North,West,Delhi NCR-Ahmedabad,2332,CAR010,National Fleet,11,0.04119006750115992,0.91882406096607,Multimodal,8,3,3,16,28.8,Automotive parts,2,128.5,25646.0,378.5,0.339,8,Standard,Wooden crate,0,4.0,13,9.6,13.399999999999999,0.8,29.4,0,4.8,Medium Truck,2.5,9000,0.709226244022303,0,5.0,4.4,0.5,10.8,0,0,0,5.2,5.6,6.9,0,2,4.0,0.097,0,,,,
SHP0000456,2023-01-21,1,1,3,Saturday,Winter,FY2022-23,Lucknow,Kolkata,Uttar Pradesh,West Bengal,North,East,Lucknow-Kolkata,1204,CAR008,National Fleet,21,0.07978321464298677,0.9007752231452896,Road,7,2,3,14,11.6,Industrial equipment,2,858.7,830514.0,595.3,1.442,17,High,Mixed packaging,0,5.0,5,16.1,18.400000000000002,,38.9,0,3.5,Medium Truck,4.9,9000,0.5081097808557237,0,9.0,4.5,13.3,6.2,0,0,1,5.6,5.4,7.0,0,1,2.1,0.086,0,,,,
SHP0000457,2023-01-21,1,1,3,Saturday,Winter,FY2022-23,Coimbatore,Lucknow,Tamil Nadu,Uttar Pradesh,South,North,Coimbatore-Lucknow,685,CAR002,National Fleet,14,0.05101229494446169,0.9467093701653918,Road,5,2,1,10,19.7,Industrial equipment,2,345.9,111090.0,705.8,0.49,9,Standard,Bubble wrap,1,5.0,0,5.2,10.7,1.0,40.4,0,4.9,Heavy Truck,10.8,16000,0.7357445387665155,0,5.0,4.2,4.3,3.9,0,0,1,8.5,4.2,5.2,0,2,5.4,0.053,0,,,,
SHP0000458,2023-01-21,1,1,3,Saturday,Winter,FY2022-23,Delhi NCR,Pune,Delhi,Maharashtra,North,West,Delhi NCR-Pune,1811,CAR009,Regional 3PL,2,0.1534645849849575,0.7601676937474318,Road,6,2,2,12,18.6,Furniture,3,291.0,444633.0,69.7,4.175,13,Standard,Metal frame,1,3.0,0,16.5,23.1,0.9,38.9,0,3.1,Light Commercial Vehicle,4.3,3000,0.6950759681760103,0,7.0,2.2,2.1,3.7,0,0,1,8.0,5.5,4.3,0,1,9.5,0.075,0,,,,
SHP0000459,2023-01-21,1,1,3,Saturday,Winter,FY2022-23,Pune,Chennai,Maharashtra,Tamil Nadu,West,South,Pune-Chennai,890,CAR007,Rail Freight Corp,31,0.09803751065745489,0.8906963249745301,Rail,7,2,3,14,17.1,Pharmaceuticals,3,18.4,222848.0,114.4,0.161,1,High,Mixed packaging,0,4.0,12,15.3,18.8,0.4,70.0,0,2.1,Multi-Axle Trailer,2.6,25000,1.1773618891623963,1,3.0,3.9,1.4,2.4,1,0,1,8.5,4.8,3.6,0,1,4.7,0.101,0,,,,
SHP0000460,2023-01-21,1,1,3,Saturday,Winter,FY2022-23,Jaipur,Hyderabad,Rajasthan,Telangana,North,South,Jaipur-Hyderabad,195,CAR001,National Fleet,14,0.04825109504675292,0.9870913457808368,Road,2,0,1,4,5.6,FMCG,2,184.6,12137.0,275.5,0.67,6,Urgent,Foam protected,1,4.0,6,17.7,20.8,3.2,44.4,0,2.7,Heavy Truck,5.3,16000,0.5335184596370198,0,8.0,4.7,0.2,0.5,0,0,1,7.8,1.9,7.0,0,2,4.1,0.053,0,,,,
SHP0000461,2023-01-21,1,1,3,Saturday,Winter,FY2022-23,Coimbatore,Hyderabad,Tamil Nadu,Telangana,South,South,Coimbatore-Hyderabad,1426,CAR003,Regional 3PL,6,0.0948577674443986,0.8209887231612558,Road,8,3,3,16,25.3,Appliances,3,147.6,82810.0,97.0,1.522,2,Standard,Corrugated box,1,4.0,1,10.0,13.3,0.3,44.1,0,2.5,Medium Truck,4.1,9000,0.7079437481169306,0,7.0,2.9,3.0,9.0,0,0,0,8.3,5.5,7.7,0,1,3.2,0.053,0,,,,
SHP0000462,2023-01-21,1,1,3,Saturday,Winter,FY2022-23,Bengaluru,Surat,Karnataka,Gujarat,South,West,Bengaluru-Surat,1055,CAR009,Regional 3PL,2,0.15531470245619375,0.774895296768613,Road,5,2,1,10,17.2,Furniture,3,259.6,66539.0,74.7,3.475,10,Standard,Bubble wrap,1,4.0,1,22.2,26.4,1.3,60.3,0,4.6,Medium Truck,5.2,9000,1.0749199005051968,1,8.0,5.0,1.5,10.6,0,0,0,7.1,5.3,7.4,0,1,4.5,0.119,0,,,,
SHP0000463,2023-01-21,1,1,3,Saturday,Winter,FY2022-23,Indore,Kolkata,Madhya Pradesh,West Bengal,Central,East,Indore-Kolkata,2227,CAR007,Rail Freight Corp,30,0.07678061657089556,0.8605381951860722,Rail,7,2,3,14,14.6,Glass products,5,70.6,15482.0,214.0,0.33,4,High,Bubble wrap,1,5.0,11,15.3,23.0,0.4,46.8,0,4.8,Multi-Axle Trailer,11.2,25000,1.0380794326621798,1,,4.7,3.0,11.2,0,0,1,4.6,4.0,7.8,0,1,1.7,0.078,1,2619.0,4.0,Crushing,22.0
SHP0000464,2023-01-21,1,1,3,Saturday,Winter,FY2022-23,Lucknow,Kolkata,Uttar Pradesh,West Bengal,North,East,Lucknow-Kolkata,1191,CAR004,Regional 3PL,4,0.11045917266865436,0.8176180506262549,Road,4,1,1,8,10.0,Textiles,1,54.3,15742.0,155.3,0.35,2,Standard,Shrink wrap,0,4.0,40,10.6,17.5,1.8,45.7,0,3.0,Medium Truck,9.3,9000,0.9104544053565566,0,10.0,5.0,5.5,3.2,0,0,0,6.2,5.8,7.9,0,1,8.7,0.068,0,,,,
SHP0000465,2023-01-21,1,1,3,Saturday,Winter,FY2022-23,Coimbatore,Hyderabad,Tamil Nadu,Telangana,South,South,Coimbatore-Hyderabad,1419,CAR006,Express Courier,7,0.04473914783003794,0.9616812133392388,Air,7,2,3,14,27.0,Pharmaceuticals,3,40.4,303949.0,103.3,0.391,1,Standard,Corrugated box,0,4.0,15,21.2,27.299999999999997,0.2,40.5,0,3.4,Multi-Axle Trailer,1.8,25000,0.9732843751238058,0,10.0,3.9,4.0,12.6,1,0,1,6.8,6.2,3.0,0,1,2.5,0.072,0,,,,
SHP0000466,2023-01-21,1,1,3,Saturday,Winter,FY2022-23,Coimbatore,Pune,Tamil Nadu,Maharashtra,South,West,Coimbatore-Pune,433,CAR010,National Fleet,11,0.02958992250973973,0.9558132618536009,Road,2,0,1,4,3.7,Furniture,3,231.4,60796.0,81.2,2.85,8,High,Shrink wrap,1,4.0,0,18.0,20.1,1.4,25.6,0,4.3,Medium Truck,3.8,9000,0.8820828726129873,0,7.0,4.4,3.0,9.3,0,0,1,6.3,3.0,5.3,0,1,8.6,0.104,0,,,,
SHP0000467,2023-01-21,1,1,3,Saturday,Winter,FY2022-23,Surat,Bengaluru,Gujarat,Karnataka,West,South,Surat-Bengaluru,664,CAR005,Express Courier,12,0.026196804368173305,0.9914596878559582,Road,4,1,1,8,15.1,Furniture,3,226.3,51320.0,61.2,3.698,15,Standard,Metal frame,1,4.0,27,9.1,14.899999999999999,0.6,52.1,0,3.5,Medium Truck,3.4,9000,0.7819039762100884,0,10.0,4.7,4.5,6.7,0,0,1,7.2,3.1,3.7,0,1,8.9,0.093,1,610.0,2.0,Crushing,16.0
SHP0000468,2023-01-21,1,1,3,Saturday,Winter,FY2022-23,Kolkata,Kochi,West Bengal,Kerala,East,South,Kolkata-Kochi,942,CAR002,National Fleet,11,0.03952145583167495,0.944021623537268,Road,5,2,1,10,8.9,Consumer electronics,4,49.2,204333.0,151.4,0.325,1,Standard,Foam protected,1,5.0,6,7.4,13.7,0.5,47.7,0,4.8,Light Commercial Vehicle,17.0,3000,0.44055680380086737,0,8.0,4.7,1.8,4.7,0,0,1,6.7,2.1,8.5,0,2,8.5,0.084,0,,,,
SHP0000469,2023-01-21,1,1,3,Saturday,Winter,FY2022-23,Kochi,Coimbatore,Kerala,Tamil Nadu,South,South,Kochi-Coimbatore,1617,CAR006,Express Courier,5,0.0289979088470404,0.9573149033978029,Road,6,2,2,12,11.5,Pharmaceuticals,3,91.4,844718.0,101.9,0.897,4,High,Corrugated box,0,3.0,1,0.4,6.0,0.8,48.5,0,3.6,Light Commercial Vehicle,6.6,3000,1.1745603685236445,1,6.0,3.3,3.7,5.8,1,0,1,5.4,6.3,1.6,0,1,7.8,0.087,0,,,,
SHP0000470,2023-01-21,1,1,3,Saturday,Winter,FY2022-23,Hyderabad,Lucknow,Telangana,Uttar Pradesh,South,North,Hyderabad-Lucknow,1001,CAR002,National Fleet,10,0.051045705328134426,0.9530645397438832,Road,5,2,1,10,12.9,Textiles,1,68.5,22002.0,148.5,0.461,2,Standard,Wooden crate,1,5.0,28,20.5,27.8,3.7,44.9,0,3.8,Medium Truck,6.7,9000,0.9690843643085421,0,6.0,4.4,5.3,4.2,0,0,1,6.6,5.5,4.4,0,1,3.9,0.096,0,,,,
SHP0000471,2023-01-22,1,1,3,Sunday,Winter,FY2022-23,Surat,Kochi,Gujarat,Kerala,West,South,Surat-Kochi,845,CAR006,Express Courier,7,0.035686659874218006,0.9599721750617184,Road,4,1,1,8,10.8,Glass products,5,139.1,78394.0,266.6,0.522,4,Standard,Foam protected,1,5.0,33,24.5,29.7,2.2,36.9,0,1.9,Multi-Axle Trailer,2.3,25000,0.9343056697229029,0,8.0,4.4,1.2,6.5,0,0,1,6.7,5.1,4.8,0,1,2.3,0.067,0,,,,
SHP0000472,2023-01-22,1,1,3,Sunday,Winter,FY2022-23,Pune,Coimbatore,Maharashtra,Tamil Nadu,West,South,Pune-Coimbatore,311,CAR006,Express Courier,6,0.029546826594787363,0.9462261008892552,Road,3,1,1,6,5.4,Glass products,5,119.1,104861.0,297.2,0.401,3,Standard,Foam protected,0,5.0,15,15.7,23.7,2.5,83.2,0,2.7,Medium Truck,8.3,9000,0.40881924581089446,0,8.0,4.3,8.5,4.0,0,0,0,9.3,1.5,8.7,0,1,2.4,0.079,0,,,,
SHP0000473,2023-01-22,1,1,3,Sunday,Winter,FY2022-23,Pune,Jaipur,Maharashtra,Rajasthan,West,North,Pune-Jaipur,922,CAR003,Regional 3PL,8,0.0815947313312474,0.8518543269946283,Road,5,2,1,10,13.1,Appliances,3,52.9,40985.0,103.8,0.51,2,Standard,Mixed packaging,0,2.0,3,15.3,21.0,6.8,46.1,0,3.6,Medium Truck,8.2,9000,1.1254350492574343,1,12.0,4.0,0.6,6.2,0,0,0,7.8,5.6,8.4,0,1,8.3,0.08,0,,,,
SHP0000474,2023-01-22,1,1,3,Sunday,Winter,FY2022-23,Indore,Kochi,Madhya Pradesh,Kerala,Central,South,Indore-Kochi,1526,CAR007,Rail Freight Corp,32,0.06945451514118023,0.8954446627598008,Rail,7,2,3,14,14.9,Appliances,3,238.7,203754.0,123.2,1.937,9,Standard,Mixed packaging,1,3.0,2,21.1,27.900000000000002,1.0,42.2,0,4.6,Medium Truck,3.9,9000,0.8403200336912958,0,12.0,3.1,0.6,4.0,0,0,1,7.9,4.1,8.5,0,1,2.0,0.067,0,,,,
SHP0000475,2023-01-22,1,1,3,Sunday,Winter,FY2022-23,Nagpur,Bengaluru,Maharashtra,Karnataka,West,South,Nagpur-Bengaluru,1462,CAR002,National Fleet,11,0.053058399408106874,0.9557442771429727,Road,10,4,4,20,29.0,Consumer electronics,4,91.4,143261.0,154.3,0.592,2,High,Corrugated box,0,5.0,5,14.0,18.5,1.6,22.2,0,3.2,Medium Truck,20.0,9000,0.827302318214454,0,,4.6,1.4,3.2,0,0,1,6.1,2.8,10.0,0,1,4.6,0.083,1,5992.0,1.0,Other,21.0
SHP0000476,2023-01-22,1,1,3,Sunday,Winter,FY2022-23,Lucknow,Kolkata,Uttar Pradesh,West Bengal,North,East,Lucknow-Kolkata,1206,CAR001,National Fleet,14,0.047238397166496644,0.9316969767063246,Road,6,2,2,12,23.3,Pharmaceuticals,3,47.4,190343.0,111.3,0.426,1,Urgent,Mixed packaging,0,5.0,14,26.4,31.5,1.1,51.5,0,2.1,Medium Truck,8.2,9000,0.6847947308130764,0,2.0,4.2,6.8,3.2,1,0,0,7.6,6.1,7.6,0,1,9.3,0.095,0,,,,
SHP0000477,2023-01-22,1,1,3,Sunday,Winter,FY2022-23,Indore,Kochi,Madhya Pradesh,Kerala,Central,South,Indore-Kochi,1483,CAR003,Regional 3PL,7,0.08646688235369995,0.9096401913254237,Road,7,2,3,14,20.7,Glass products,5,85.6,73441.0,239.1,0.358,3,High,Bubble wrap,0,4.0,0,22.0,25.9,0.2,35.1,0,1.0,Heavy Truck,8.7,16000,0.8706359124809766,0,7.0,3.6,6.7,3.8,0,0,0,10.0,4.2,3.1,0,1,8.4,0.073,1,21001.0,3.0,Breakage,12.0
SHP0000478,2023-01-22,1,1,3,Sunday,Winter,FY2022-23,Surat,Indore,Gujarat,Madhya Pradesh,West,Central,Surat-Indore,1444,CAR009,Regional 3PL,3,0.1457716558436366,0.7857868659952746,Road,6,2,2,12,12.3,Textiles,1,183.1,56847.0,155.0,1.181,5,Standard,Mixed packaging,1,5.0,1,18.0,21.2,0.3,58.4,0,3.9,Medium Truck,3.7,9000,0.9519795045000762,0,8.0,2.8,1.0,7.0,0,0,1,6.9,6.4,6.1,0,1,7.0,0.064,0,,,,
SHP0000479,2023-01-22,1,1,3,Sunday,Winter,FY2022-23,Bengaluru,Ahmedabad,Karnataka,Gujarat,South,West,Bengaluru-Ahmedabad,1743,CAR005,Express Courier,9,0.011367491178947479,0.9627144756624717,Air,7,2,3,14,11.9,Industrial equipment,2,848.5,281745.0,698.9,1.214,18,Urgent,Metal frame,1,3.0,9,18.2,21.2,0.2,27.8,0,2.9,Multi-Axle Trailer,2.4,25000,0.8669145603253922,0,9.0,4.0,0.1,5.3,0,0,1,8.2,3.5,4.4,0,2,3.4,0.049,0,,,,
SHP0000480,2023-01-22,1,1,3,Sunday,Winter,FY2022-23,Indore,Chennai,Madhya Pradesh,Tamil Nadu,Central,South,Indore-Chennai,1035,CAR008,National Fleet,21,0.08700665254777801,0.8963108752110869,Road,7,2,3,14,26.4,Machinery components,1,757.7,182098.0,800.8,0.946,38,Urgent,Wooden crate,1,4.0,46,2.7,8.3,1.0,71.4,0,4.2,Medium Truck,0.6,9000,0.7899202325779107,0,9.0,4.5,5.3,6.7,0,0,1,8.0,3.3,5.0,0,1,3.5,0.107,0,,,,
SHP0000481,2023-01-22,1,1,3,Sunday,Winter,FY2022-23,Indore,Hyderabad,Madhya Pradesh,Telangana,Central,South,Indore-Hyderabad,2102,CAR001,National Fleet,15,0.042490870682924176,0.9574627052702595,Road,6,2,2,12,16.6,Consumer electronics,4,46.7,139187.0,166.3,0.281,1,Standard,Foam protected,0,5.0,3,8.3,12.9,2.2,59.0,0,3.1,Medium Truck,11.8,9000,0.7357152625691552,0,6.0,4.3,0.6,5.5,0,0,0,5.3,3.2,5.5,0,2,3.9,0.064,0,,,,
SHP0000482,2023-01-22,1,1,3,Sunday,Winter,FY2022-23,Hyderabad,Kolkata,Telangana,West Bengal,South,East,Hyderabad-Kolkata,2448,CAR002,National Fleet,10,0.03845979786089814,0.9283783140337144,Road,6,2,2,12,19.9,Glass products,5,124.2,63900.0,245.6,0.506,2,Standard,Bubble wrap,1,3.0,1,17.2,20.099999999999998,1.8,45.6,0,5.0,Medium Truck,2.5,9000,0.9105053320904621,0,10.0,4.1,1.1,9.9,0,0,0,5.5,6.6,3.5,0,1,3.4,0.087,0,,,,
SHP0000483,2023-01-22,1,1,3,Sunday,Winter,FY2022-23,Nagpur,Lucknow,Maharashtra,Uttar Pradesh,West,North,Nagpur-Lucknow,1811,CAR002,National Fleet,10,0.054531769747113504,0.9183695676599679,Road,6,2,2,12,15.8,Furniture,3,229.6,62382.0,88.9,2.583,5,Standard,Corrugated box,1,5.0,6,17.5,22.6,3.7,37.9,0,,Heavy Truck,10.7,16000,0.9311539624118228,0,9.0,4.2,1.8,11.3,0,0,0,7.5,4.4,8.4,0,2,5.7,0.083,0,,,,
SHP0000484,2023-01-22,1,1,3,Sunday,Winter,FY2022-23,Mumbai,Ahmedabad,Maharashtra,Gujarat,West,West,Mumbai-Ahmedabad,2344,CAR008,National Fleet,21,0.05662176026882865,0.9037859048962913,Road,8,3,3,16,17.3,Machinery components,1,1779.8,3041833.8764267513,647.7,2.748,69,Standard,Wooden crate,0,4.0,54,25.0,29.8,4.2,59.2,0,4.2,Medium Truck,10.1,9000,0.9199665960383251,0,6.0,3.6,0.5,18.7,0,0,1,10.0,7.1,6.3,0,1,4.9,0.034,0,,,,
SHP0000485,2023-01-22,1,1,3,Sunday,Winter,FY2022-23,Delhi NCR,Lucknow,Delhi,Uttar Pradesh,North,North,Delhi NCR-Lucknow,1050,CAR006,Express Courier,5,0.02308785007361626,0.9767886738363917,Air,4,1,1,8,14.4,Furniture,3,218.0,44009.0,71.7,3.04,4,Standard,Wooden crate,1,5.0,12,24.2,27.8,,54.3,0,4.5,Light Commercial Vehicle,7.1,3000,0.9407055389762913,0,9.0,3.1,0.3,18.9,0,0,1,8.5,2.1,6.1,0,1,2.4,0.095,0,,,,
SHP0000486,2023-01-22,1,1,3,Sunday,Winter,FY2022-23,Lucknow,Hyderabad,Uttar Pradesh,Telangana,North,South,Lucknow-Hyderabad,1690,CAR003,Regional 3PL,7,0.07488427077554782,0.7949167603298999,Road,6,2,2,12,22.4,Glass products,5,148.5,71992.0,237.5,0.625,5,Standard,Foam protected,0,2.0,6,15.8,20.700000000000003,0.1,69.9,0,2.1,Medium Truck,4.6,9000,1.028887555279909,1,8.0,4.7,1.1,5.5,0,0,1,10.0,3.1,2.4,0,1,9.0,0.096,1,2394.0,5.0,Other,44.0
SHP0000487,2023-01-22,1,1,3,Sunday,Winter,FY2022-23,Kochi,Delhi NCR,Kerala,Delhi,South,North,Kochi-Delhi NCR,632,CAR008,National Fleet,22,0.060639692659607294,0.8894017577344977,Road,5,2,1,10,13.6,Textiles,1,120.4,64311.0,147.5,0.816,3,High,Plastic crate,1,5.0,20,16.4,19.4,1.3,50.8,0,4.0,Medium Truck,1.1,9000,1.0781556559256924,1,12.0,4.1,0.9,8.5,0,0,1,8.3,3.6,5.4,0,1,9.5,0.083,0,,,,
SHP0000488,2023-01-22,1,1,3,Sunday,Winter,FY2022-23,Bengaluru,Kolkata,Karnataka,West Bengal,South,East,Bengaluru-Kolkata,1631,CAR004,Regional 3PL,3,0.10823127508924951,0.8499939851864361,Road,8,3,3,16,27.6,Pharmaceuticals,3,17.8,114861.0,99.1,0.18,1,Standard,Metal frame,0,5.0,3,,19.5,3.8,43.2,0,3.5,Heavy Truck,15.0,16000,0.8136207522321924,0,6.0,4.1,2.4,6.6,1,0,0,8.6,3.5,1.8,0,1,6.5,0.076,0,,,,
SHP0000489,2023-01-22,1,1,3,Sunday,Winter,FY2022-23,Chennai,Kolkata,Tamil Nadu,West Bengal,South,East,Chennai-Kolkata,283,CAR006,Express Courier,7,0.0631178472654367,0.9338550824354533,Road,2,0,1,4,5.3,Furniture,3,295.6,37778.0,69.4,4.259,8,Standard,Bubble wrap,1,3.0,6,20.7,28.6,2.0,45.1,0,3.9,Medium Truck,4.8,9000,1.0424352838366138,1,10.0,4.3,1.0,12.3,0,0,0,6.7,3.3,3.7,0,1,5.6,0.069,0,,,,
SHP0000490,2023-01-22,1,1,3,Sunday,Winter,FY2022-23,Surat,Jaipur,Gujarat,Rajasthan,West,North,Surat-Jaipur,678,CAR009,Regional 3PL,1,0.16257674545511966,0.7951619311331694,Road,4,1,1,8,8.6,Textiles,1,115.3,35490.0,172.6,0.668,2,Standard,Plastic crate,1,4.0,11,22.7,29.4,2.3,24.6,0,2.3,Multi-Axle Trailer,4.6,25000,0.9243711789551116,0,10.0,5.0,1.8,5.1,0,0,0,2.8,2.8,4.7,0,1,9.5,0.086,0,,,,
SHP0000491,2023-01-22,1,1,3,Sunday,Winter,FY2022-23,Jaipur,Delhi NCR,Rajasthan,Delhi,North,North,Jaipur-Delhi NCR,2438,CAR004,Regional 3PL,6,0.10762087573951071,0.7761385465674965,Road,6,2,2,12,10.1,Automotive parts,2,327.8,115705.0,360.2,0.91,15,High,Foam protected,1,4.0,35,13.1,17.5,1.1,57.9,0,1.9,Medium Truck,2.2,9000,0.6893164105123958,0,6.0,3.5,0.2,6.0,0,0,1,9.9,3.5,1.2,0,1,2.5,0.111,0,,,,
SHP0000492,2023-01-22,1,1,3,Sunday,Winter,FY2022-23,Mumbai,Coimbatore,Maharashtra,Tamil Nadu,West,South,Mumbai-Coimbatore,1344,CAR008,National Fleet,19,0.0716933738909867,0.9065660861030598,Road,6,2,2,12,19.3,Textiles,1,117.9,31670.0,142.6,0.827,2,Standard,Foam protected,0,,27,21.8,28.3,1.8,34.8,0,4.5,Medium Truck,0.7,9000,0.8584484992963698,0,6.0,4.2,1.7,11.8,0,0,0,10.0,4.6,1.3,0,1,3.9,0.075,0,,,,
SHP0000493,2023-01-23,1,1,4,Monday,Winter,FY2022-23,Bengaluru,Chennai,Karnataka,Tamil Nadu,South,South,Bengaluru-Chennai,396,CAR005,Express Courier,8,0.015960403825489848,0.9224997772343851,Road,2,0,1,4,5.8,Glass products,5,119.8,53422.0,287.6,0.417,5,Standard,Foam protected,1,4.0,18,20.2,24.099999999999998,0.0,55.7,0,4.2,Medium Truck,20.0,9000,0.863421188416938,0,9.0,4.7,2.9,7.4,0,0,0,6.2,4.4,4.5,0,1,2.0,0.093,0,,,,
SHP0000494,2023-01-23,1,1,4,Monday,Winter,FY2022-23,Bengaluru,Delhi NCR,Karnataka,Delhi,South,North,Bengaluru-Delhi NCR,727,CAR010,National Fleet,8,0.04482267292795104,0.9132393524288469,Road,6,2,2,12,10.5,Appliances,3,76.0,36925.0,103.2,0.736,6,Standard,Metal frame,0,4.0,10,20.5,24.1,1.4,55.3,0,4.0,Medium Truck,1.4,9000,0.7400743498072084,0,5.0,2.8,6.7,3.7,0,0,1,7.4,2.2,2.0,0,1,4.5,0.108,0,,,,
SHP0000495,2023-01-23,1,1,4,Monday,Winter,FY2022-23,Surat,Chennai,Gujarat,Tamil Nadu,West,South,Surat-Chennai,398,CAR004,Regional 3PL,6,0.11866240186084714,0.8094903929376399,Road,3,1,1,6,11.8,Appliances,3,105.4,58059.0,123.5,0.853,7,Standard,Foam protected,0,3.0,105,19.8,26.0,0.4,53.2,0,5.0,Heavy Truck,1.5,16000,0.9959158654632915,0,7.0,2.8,0.7,2.4,0,0,0,2.9,1.6,4.8,0,1,2.8,0.108,0,,,,
SHP0000496,2023-01-23,1,1,4,Monday,Winter,FY2022-23,Kochi,Bengaluru,Kerala,Karnataka,South,South,Kochi-Bengaluru,1177,CAR002,National Fleet,10,0.05777763405070227,0.935971181012438,Road,4,1,1,8,15.3,Glass products,5,93.9,58607.0,251.5,0.373,7,Standard,Foam protected,1,5.0,20,26.2,33.2,6.1,46.2,0,5.0,Heavy Truck,3.1,16000,0.6986130903656202,0,12.0,,2.5,2.5,0,0,1,7.2,4.6,3.8,0,1,6.1,0.07,0,,,,
SHP0000497,2023-01-23,1,1,4,Monday,Winter,FY2022-23,Surat,Ahmedabad,Gujarat,Gujarat,West,West,Surat-Ahmedabad,1366,CAR002,National Fleet,13,0.04550582369117176,0.8920142227412418,Road,9,3,4,18,29.4,Consumer electronics,4,62.6,272518.0,166.2,0.377,1,Standard,Foam protected,1,4.0,3,20.3,26.0,0.0,74.5,0,3.2,Medium Truck,8.3,9000,0.991935546103066,0,10.0,3.6,0.3,3.8,0,0,1,5.4,2.4,6.0,0,1,9.4,0.097,0,,,,
SHP0000498,2023-01-23,1,1,4,Monday,Winter,FY2022-23,Pune,Coimbatore,Maharashtra,Tamil Nadu,West,South,Pune-Coimbatore,357,CAR002,National Fleet,11,0.07520457657535456,0.8602672484559338,Road,3,1,1,6,6.2,Appliances,3,33.7,44910.0,122.9,0.274,1,High,Shrink wrap,0,3.0,12,19.0,27.0,0.5,48.9,0,1.0,Medium Truck,12.0,9000,0.5540091082182299,0,8.0,3.2,1.3,9.8,0,0,0,10.0,3.0,9.3,0,1,3.1,0.062,0,,,,
SHP0000499,2023-01-23,1,1,4,Monday,Winter,FY2022-23,Hyderabad,Surat,Telangana,Gujarat,South,West,Hyderabad-Surat,1783,CAR003,Regional 3PL,10,0.09238616066155782,0.8929454687990397,Road,6,2,2,12,23.2,Machinery components,1,927.6,121285.0,1003.3,0.925,34,Standard,Metal frame,1,3.0,8,18.4,24.799999999999997,1.9,50.9,0,2.9,Light Commercial Vehicle,10.4,3000,0.9599426841232873,0,3.0,4.7,1.6,6.1,0,0,1,6.0,6.5,8.1,0,1,1.4,0.099,0,,,,
SHP0000500,2023-01-23,1,1,4,Monday,Winter,FY2022-23,Bengaluru,Kochi,Karnataka,Kerala,South,South,Bengaluru-Kochi,2250,CAR004,Regional 3PL,7,0.12791922803804204,0.8083327563668363,Road,6,2,2,12,21.3,Pharmaceuticals,3,8.7,68291.0,84.9,0.102,1,Standard,Wooden crate,0,3.0,31,16.9,23.099999999999998,0.8,15.1,0,4.3,Medium Truck,4.7,9000,1.1221884443745187,1,8.0,3.0,2.9,10.5,1,0,0,7.3,6.2,8.0,0,1,9.5,0.078,1,6398.0,2.0,Scratching,32.0
